SampleID,Sample_Name,Country,State,City,Location,Depth_m,Location_Description,Year,Season,Day,Type,Replicate_Number,Handling,Experiment,Condition,Notes,Proteomic_Data,Metabolomic_Data,Plate,Primer,WT_Location,Plate_Barcode,File_Name
SUH125,MX_0_5_km_SU_16_Gland_1,Mexico,Baja Califonia,Puerto Nuevo,0.5 km site,0,"Intertidal with seagrass (Zostera), close to aquaculture and run-off",2016,Summer,,"Whole Gland (Distal Duct, Proximal Duct, Bulb)",1,Flash Frozen on Site,Wild,,,Yes,No,Venomic_1,18S,PN_Minor,AACAGGTTCGC,18S_12641.1.273032.AACAGGTTCGC.fastq.gz
SUH126,MX_0_5_km_SU_16_Gland_2,Mexico,Baja Califonia,Puerto Nuevo,0.5 km site,0,"Intertidal with seagrass (Zostera), close to aquaculture and run-off",2016,Summer,,"Whole Gland (Distal Duct, Proximal Duct, Bulb)",2,Flash Frozen on Site,Wild,,,Yes,No,Venomic_1,18S,PN_Minor,AACTGTGCGTA,18S_12641.1.273032.AACTGTGCGTA.fastq.gz
SUH127,MX_0_5_km_SU_16_Gland_3,Mexico,Baja Califonia,Puerto Nuevo,0.5 km site,0,"Intertidal with seagrass (Zostera), close to aquaculture and run-off",2016,Summer,,"Whole Gland (Distal Duct, Proximal Duct, Bulb)",3,Flash Frozen on Site,Wild,,,Yes,No,Venomic_1,18S,PN_Minor,AAGTGGACTCT,18S_12641.1.273032.AAGTGGACTCT.fastq.gz
SUH128,MX_0_5_km_SU_16_Gland_4,Mexico,Baja Califonia,Puerto Nuevo,0.5 km site,0,"Intertidal with seagrass (Zostera), close to aquaculture and run-off",2016,Summer,,"Whole Gland (Distal Duct, Proximal Duct, Bulb)",4,Flash Frozen on Site,Wild,,,Yes,No,Venomic_1,18S,PN_Minor,ACACGGTGTCT,18S_12641.1.273032.ACACGGTGTCT.fastq.gz
SUH129,MX_0_5_km_SU_16_Gland_5,Mexico,Baja Califonia,Puerto Nuevo,0.5 km site,0,"Intertidal with seagrass (Zostera), close to aquaculture and run-off",2016,Summer,,"Whole Gland (Distal Duct, Proximal Duct, Bulb)",5,Flash Frozen on Site,Wild,,,Yes,No,Venomic_1,18S,PN_Minor,ACATATACGCG,16S_12608.1.270220.ACATATACGCG.fastq.gz
SUH130,MX_0_5_km_SU_17_Gland_1,Mexico,Baja Califonia,Puerto Nuevo,0.5 km site,0,"Intertidal with seagrass (Zostera), close to aquaculture and run-off",2017,Summer,,"Whole Gland (Distal Duct, Proximal Duct, Bulb)",1,Flash Frozen on Site,Wild,,,Yes,No,Venomic_1,18S,PN_Minor,ACATCTTGACG,18S_12641.1.273032.ACATCTTGACG.fastq.gz
SUH131,MX_0_5_km_SU_17_Gland_2,Mexico,Baja Califonia,Puerto Nuevo,0.5 km site,0,"Intertidal with seagrass (Zostera), close to aquaculture and run-off",2017,Summer,,"Whole Gland (Distal Duct, Proximal Duct, Bulb)",2,Flash Frozen on Site,Wild,,,Yes,No,Venomic_1,18S,PN_Minor,ACATGACATCG,16S_12608.1.270220.ACATGACATCG.fastq.gz
SUH132,MX_0_5_km_SU_17_Gland_3,Mexico,Baja Califonia,Puerto Nuevo,0.5 km site,0,"Intertidal with seagrass (Zostera), close to aquaculture and run-off",2017,Summer,,"Whole Gland (Distal Duct, Proximal Duct, Bulb)",3,Flash Frozen on Site,Wild,,,Yes,No,Venomic_1,18S,PN_Minor,ACATGTGTCGC,16S_12608.1.270220.ACATGTGTCGC.fastq.gz
SUH133,MX_0_5_km_SU_17_Gland_4,Mexico,Baja Califonia,Puerto Nuevo,0.5 km site,0,"Intertidal with seagrass (Zostera), close to aquaculture and run-off",2017,Summer,,"Whole Gland (Distal Duct, Proximal Duct, Bulb)",4,Flash Frozen on Site,Wild,,,Yes,No,Venomic_1,18S,PN_Minor,ACGACGTAGAG,16S_12608.1.270220.ACGACGTAGAG.fastq.gz
SUH134,MX_0_5_km_SU_17_Gland_5,Mexico,Baja Califonia,Puerto Nuevo,0.5 km site,0,"Intertidal with seagrass (Zostera), close to aquaculture and run-off",2017,Summer,,"Whole Gland (Distal Duct, Proximal Duct, Bulb)",5,Flash Frozen on Site,Wild,,,Yes,No,Venomic_1,18S,PN_Minor,ACGACGTCTTA,18S_12641.1.273032.ACGACGTCTTA.fastq.gz
SUH135,MX_0_5_km_WI_16_1_Gland_1,Mexico,Baja Califonia,Puerto Nuevo,0.5 km site,0,"Intertidal with seagrass (Zostera), close to aquaculture and run-off",2016,Winter,1,"Whole Gland (Distal Duct, Proximal Duct, Bulb)",1,Flash Frozen on Site,Wild,,,Yes,No,Venomic_1,18S,PN_Minor,ACGATCGCTAG,16S_12608.1.270220.ACGATCGCTAG.fastq.gz
SUH136,MX_0_5_km_WI_16_1_Gland_2,Mexico,Baja Califonia,Puerto Nuevo,0.5 km site,0,"Intertidal with seagrass (Zostera), close to aquaculture and run-off",2016,Winter,1,"Whole Gland (Distal Duct, Proximal Duct, Bulb)",2,Flash Frozen on Site,Wild,,,Yes,No,Venomic_1,18S,PN_Minor,ACGATGTGCTA,16S_12608.1.270220.ACGATGTGCTA.fastq.gz
SUH137,MX_0_5_km_WI_16_1_Gland_3,Mexico,Baja Califonia,Puerto Nuevo,0.5 km site,0,"Intertidal with seagrass (Zostera), close to aquaculture and run-off",2016,Winter,1,"Whole Gland (Distal Duct, Proximal Duct, Bulb)",3,Flash Frozen on Site,Wild,,,Yes,No,Venomic_1,18S,PN_Minor,ACGCTATCTGG,18S_12641.1.273032.ACGCTATCTGG.fastq.gz
SUH138,MX_0_5_km_WI_16_1_Gland_4,Mexico,Baja Califonia,Puerto Nuevo,0.5 km site,0,"Intertidal with seagrass (Zostera), close to aquaculture and run-off",2016,Winter,1,"Whole Gland (Distal Duct, Proximal Duct, Bulb)",4,Flash Frozen on Site,Wild,,,Yes,No,Venomic_1,18S,PN_Minor,ACGTAGTATCT,16S_12608.1.270220.ACGTAGTATCT.fastq.gz
SUH139,MX_0_5_km_WI_16_1_Gland_5,Mexico,Baja Califonia,Puerto Nuevo,0.5 km site,0,"Intertidal with seagrass (Zostera), close to aquaculture and run-off",2016,Winter,1,"Whole Gland (Distal Duct, Proximal Duct, Bulb)",5,Flash Frozen on Site,Wild,,,Yes,No,Venomic_1,18S,PN_Minor,ACGTCGACTGA,16S_12608.1.270220.ACGTCGACTGA.fastq.gz
SUH140,MX_0_5_km_WI_16_2_Gland_1,Mexico,Baja Califonia,Puerto Nuevo,0.5 km site,0,"Intertidal with seagrass (Zostera), close to aquaculture and run-off",2016,Winter,2,"Whole Gland (Distal Duct, Proximal Duct, Bulb)",1,Flash Frozen on Site,Wild,,,Yes,No,Venomic_1,18S,PN_Minor,ACGTGATGCTG,16S_12608.1.270220.ACGTGATGCTG.fastq.gz
SUH141,MX_0_5_km_WI_16_2_Gland_2,Mexico,Baja Califonia,Puerto Nuevo,0.5 km site,0,"Intertidal with seagrass (Zostera), close to aquaculture and run-off",2016,Winter,2,"Whole Gland (Distal Duct, Proximal Duct, Bulb)",2,Flash Frozen on Site,Wild,,,Yes,No,Venomic_1,18S,PN_Minor,ACGTGTGAGCA,16S_12608.1.270220.ACGTGTGAGCA.fastq.gz
SUH142,MX_0_5_km_WI_16_2_Gland_3,Mexico,Baja Califonia,Puerto Nuevo,0.5 km site,0,"Intertidal with seagrass (Zostera), close to aquaculture and run-off",2016,Winter,2,"Whole Gland (Distal Duct, Proximal Duct, Bulb)",3,Flash Frozen on Site,Wild,,,Yes,No,Venomic_1,18S,PN_Minor,ACTCGTCATGC,16S_12608.1.270220.ACTCGTCATGC.fastq.gz
SUH143,MX_0_5_km_WI_16_2_Gland_4,Mexico,Baja Califonia,Puerto Nuevo,0.5 km site,0,"Intertidal with seagrass (Zostera), close to aquaculture and run-off",2016,Winter,2,"Whole Gland (Distal Duct, Proximal Duct, Bulb)",4,Flash Frozen on Site,Wild,,,Yes,No,Venomic_1,18S,PN_Minor,ACTCTATGCGA,16S_12608.1.270220.ACTCTATGCGA.fastq.gz
SUH144,MX_0_5_km_WI_16_2_Gland_5,Mexico,Baja Califonia,Puerto Nuevo,0.5 km site,0,"Intertidal with seagrass (Zostera), close to aquaculture and run-off",2016,Winter,2,"Whole Gland (Distal Duct, Proximal Duct, Bulb)",5,Flash Frozen on Site,Wild,,,Yes,No,Venomic_1,18S,PN_Minor,ACTGCGACGAG,16S_12608.1.270220.ACTGCGACGAG.fastq.gz
SUH145,MX_0_km_SU_17_Gland_1,Mexico,Baja Califonia,Puerto Nuevo,0.0 km site,0,"Intertidal with seagrass (Zostera), close to aquaculture and run-off",2017,Summer,,"Whole Gland (Distal Duct, Proximal Duct, Bulb)",1,Flash Frozen on Site,Wild,,,Yes,No,Venomic_1,18S,PN_Sheltered,ACTGTACGCGT,18S_12641.1.273032.ACTGTACGCGT.fastq.gz
SUH146,MX_0_km_SU_17_Gland_2,Mexico,Baja Califonia,Puerto Nuevo,0.0 km site,0,"Intertidal with seagrass (Zostera), close to aquaculture and run-off",2017,Summer,,"Whole Gland (Distal Duct, Proximal Duct, Bulb)",2,Flash Frozen on Site,Wild,,,Yes,No,Venomic_1,18S,PN_Sheltered,ACTGTCGAAGC,18S_12641.1.273032.ACTGTCGAAGC.fastq.gz
SUH147,MX_0_km_SU_17_Gland_3,Mexico,Baja Califonia,Puerto Nuevo,0.0 km site,0,"Intertidal with seagrass (Zostera), close to aquaculture and run-off",2017,Summer,,"Whole Gland (Distal Duct, Proximal Duct, Bulb)",3,Flash Frozen on Site,Wild,,,Yes,No,Venomic_1,18S,PN_Sheltered,AGAGCATATCT,16S_12608.1.270220.AGAGCATATCT.fastq.gz
SUH148,MX_0_km_SU_17_Gland_4,Mexico,Baja Califonia,Puerto Nuevo,0.0 km site,0,"Intertidal with seagrass (Zostera), close to aquaculture and run-off",2017,Summer,,"Whole Gland (Distal Duct, Proximal Duct, Bulb)",4,Flash Frozen on Site,Wild,,,Yes,No,Venomic_1,18S,PN_Sheltered,AGATCGCTGTG,16S_12608.1.270220.AGATCGCTGTG.fastq.gz
SUH149,MX_0_km_SU_17_Gland_5,Mexico,Baja Califonia,Puerto Nuevo,0.0 km site,0,"Intertidal with seagrass (Zostera), close to aquaculture and run-off",2017,Summer,,"Whole Gland (Distal Duct, Proximal Duct, Bulb)",5,Flash Frozen on Site,Wild,,,Yes,No,Venomic_1,18S,PN_Sheltered,AGATGTAGCTC,16S_12608.1.270220.AGATGTAGCTC.fastq.gz
SUH150,MX_1_5_km_SU_17_Gland_1,Mexico,Baja Califonia,Puerto Nuevo,1.5 km site,0,"Intertidal with seagrass (Zostera), close to aquaculture and run-off",2017,Summer,,"Whole Gland (Distal Duct, Proximal Duct, Bulb)",1,Flash Frozen on Site,Wild,,,Yes,No,Venomic_1,18S,PN_Major,AGCACGATCTA,16S_12608.1.270220.AGCACGATCTA.fastq.gz
SUH151,MX_1_5_km_SU_17_Gland_2,Mexico,Baja Califonia,Puerto Nuevo,1.5 km site,0,"Intertidal with seagrass (Zostera), close to aquaculture and run-off",2017,Summer,,"Whole Gland (Distal Duct, Proximal Duct, Bulb)",2,Flash Frozen on Site,Wild,,,Yes,No,Venomic_1,18S,PN_Major,AGCGATATCTG,16S_12608.1.270220.AGCGATATCTG.fastq.gz
SUH152,MX_1_5_km_SU_17_Gland_3,Mexico,Baja Califonia,Puerto Nuevo,1.5 km site,0,"Intertidal with seagrass (Zostera), close to aquaculture and run-off",2017,Summer,,"Whole Gland (Distal Duct, Proximal Duct, Bulb)",3,Flash Frozen on Site,Wild,,,Yes,No,Venomic_1,18S,PN_Major,AGCGATGCCTT,18S_12641.1.273032.AGCGATGCCTT.fastq.gz
SUH153,MX_1_5_km_SU_17_Gland_4,Mexico,Baja Califonia,Puerto Nuevo,1.5 km site,0,"Intertidal with seagrass (Zostera), close to aquaculture and run-off",2017,Summer,,"Whole Gland (Distal Duct, Proximal Duct, Bulb)",4,Flash Frozen on Site,Wild,,,Yes,No,Venomic_1,18S,PN_Major,AGCGATGCTCA,16S_12608.1.270220.AGCGATGCTCA.fastq.gz
SUH154,MX_1_5_km_SU_17_Gland_5,Mexico,Baja Califonia,Puerto Nuevo,1.5 km site,0,"Intertidal with seagrass (Zostera), close to aquaculture and run-off",2017,Summer,,"Whole Gland (Distal Duct, Proximal Duct, Bulb)",5,Flash Frozen on Site,Wild,,,Yes,No,Venomic_1,18S,PN_Major,AGCGTGTCCAA,18S_12641.1.273032.AGCGTGTCCAA.fastq.gz
SUH155,Monterey_SU_17_Gland_1,United States,California,Monterey,Del Monte Beach,10,Sandy beach with seagrass (Zostera),2017,Summer,,"Whole Gland (Distal Duct, Proximal Duct, Bulb)",1,Flash Frozen on Site,Wild,,,Yes,No,Venomic_1,18S,MB,AGGCATCTTAC,18S_12641.1.273032.AGGCATCTTAC.fastq.gz
SUH156,Monterey_SU_17_Gland_2,United States,California,Monterey,Del Monte Beach,10,Sandy beach with seagrass (Zostera),2017,Summer,,"Whole Gland (Distal Duct, Proximal Duct, Bulb)",2,Flash Frozen on Site,Wild,,,Yes,No,Venomic_1,18S,MB,AGGCGACCTTA,18S_12641.1.273032.AGGCGACCTTA.fastq.gz
SUH157,Monterey_SU_17_Gland_3,United States,California,Monterey,Del Monte Beach,10,Sandy beach with seagrass (Zostera),2017,Summer,,"Whole Gland (Distal Duct, Proximal Duct, Bulb)",3,Flash Frozen on Site,Wild,,,Yes,No,Venomic_1,18S,MB,AGTATCAGTCA,16S_12608.1.270220.AGTATCAGTCA.fastq.gz
SUH158,Monterey_SU_17_Gland_4,United States,California,Monterey,Del Monte Beach,10,Sandy beach with seagrass (Zostera),2017,Summer,,"Whole Gland (Distal Duct, Proximal Duct, Bulb)",4,Flash Frozen on Site,Wild,,,Yes,No,Venomic_1,18S,MB,AGTCGCATCGT,16S_12608.1.270220.AGTCGCATCGT.fastq.gz
SUH159,Monterey_SU_17_Gland_5,United States,California,Monterey,Del Monte Beach,10,Sandy beach with seagrass (Zostera),2017,Summer,,"Whole Gland (Distal Duct, Proximal Duct, Bulb)",5,Flash Frozen on Site,Wild,,,Yes,No,Venomic_1,18S,MB,AGTCTACTGCG,16S_12608.1.270220.AGTCTACTGCG.fastq.gz
SUH160,SD_Sum_17_100_PSI_Gland_1,United States,California,San Diego,Mission Point,2,High tourist beach/marina with seagrass (Zostera),2017,Summer,,"Whole Gland (Distal Duct, Proximal Duct, Bulb)",1,Captive Experiments (SIO) taken from Wild environment,Depth,100 PSI,,Yes,No,Venomic_1,18S,SanDiego,ATACTTCGCAG,18S_12641.1.273032.ATACTTCGCAG.fastq.gz
SUH161,SD_Sum_17_100_PSI_Gland_2,United States,California,San Diego,Mission Point,2,High tourist beach/marina with seagrass (Zostera),2017,Summer,,"Whole Gland (Distal Duct, Proximal Duct, Bulb)",2,Captive Experiments (SIO) taken from Wild environment,Depth,100 PSI,,Yes,No,Venomic_1,18S,SanDiego,ATAGAGCTCAG,16S_12608.1.270220.ATAGAGCTCAG.fastq.gz
SUH162,SD_Sum_17_100_PSI_Gland_3,United States,California,San Diego,Mission Point,2,High tourist beach/marina with seagrass (Zostera),2017,Summer,,"Whole Gland (Distal Duct, Proximal Duct, Bulb)",3,Captive Experiments (SIO) taken from Wild environment,Depth,100 PSI,,Yes,No,Venomic_1,18S,SanDiego,ATCAGTGTCAC,16S_12608.1.270220.ATCAGTGTCAC.fastq.gz
SUH163,SD_Sum_17_100_PSI_Gland_4,United States,California,San Diego,Mission Point,2,High tourist beach/marina with seagrass (Zostera),2017,Summer,,"Whole Gland (Distal Duct, Proximal Duct, Bulb)",4,Captive Experiments (SIO) taken from Wild environment,Depth,100 PSI,,Yes,No,Venomic_1,18S,SanDiego,ATCATGTCAGT,16S_12608.1.270220.ATCATGTCAGT.fastq.gz
SUH164,SD_Sum_17_100_PSI_Gland_5,United States,California,San Diego,Mission Point,2,High tourist beach/marina with seagrass (Zostera),2017,Summer,,"Whole Gland (Distal Duct, Proximal Duct, Bulb)",5,Captive Experiments (SIO) taken from Wild environment,Depth,100 PSI,,Yes,No,Venomic_1,18S,SanDiego,ATCGGCGTTAC,18S_12641.1.273032.ATCGGCGTTAC.fastq.gz
SUH165,SD_Sum_17_150mg_L_TC_Gland_1,United States,California,San Diego,Mission Point,2,High tourist beach/marina with seagrass (Zostera),2017,Summer,,"Whole Gland (Distal Duct, Proximal Duct, Bulb)",1,Captive Experiments (SIO) taken from Wild environment,Tetracycyline antiobiotic,150 mg/L,,Yes,Yes,Venomic_1,18S,SanDiego,ATCTCAGCAGT,16S_12608.1.270220.ATCTCAGCAGT.fastq.gz
SUH166,SD_Sum_17_150mg_L_TC_Gland_2,United States,California,San Diego,Mission Point,2,High tourist beach/marina with seagrass (Zostera),2017,Summer,,"Whole Gland (Distal Duct, Proximal Duct, Bulb)",2,Captive Experiments (SIO) taken from Wild environment,Tetracycyline antiobiotic,150 mg/L,,Yes,Yes,Venomic_1,18S,SanDiego,ATGACCATCGT,18S_12641.1.273032.ATGACCATCGT.fastq.gz
SUH167,SD_Sum_17_150mg_L_TC_Gland_3,United States,California,San Diego,Mission Point,2,High tourist beach/marina with seagrass (Zostera),2017,Summer,,"Whole Gland (Distal Duct, Proximal Duct, Bulb)",3,Captive Experiments (SIO) taken from Wild environment,Tetracycyline antiobiotic,150 mg/L,,Yes,Yes,Venomic_1,18S,SanDiego,ATGCGAGTATC,18S_12641.1.273032.ATGCGAGTATC.fastq.gz
SUH168,SD_Sum_17_150mg_L_TC_Gland_4,United States,California,San Diego,Mission Point,2,High tourist beach/marina with seagrass (Zostera),2017,Summer,,"Whole Gland (Distal Duct, Proximal Duct, Bulb)",4,Captive Experiments (SIO) taken from Wild environment,Tetracycyline antiobiotic,150 mg/L,,Yes,Yes,Venomic_1,18S,SanDiego,ATGGCAGCTCT,18S_12641.1.273032.ATGGCAGCTCT.fastq.gz
SUH169,SD_Sum_17_150mg_L_TC_Gland_5,United States,California,San Diego,Mission Point,2,High tourist beach/marina with seagrass (Zostera),2017,Summer,,"Whole Gland (Distal Duct, Proximal Duct, Bulb)",5,Captive Experiments (SIO) taken from Wild environment,Tetracycyline antiobiotic,150 mg/L,,Yes,Yes,Venomic_1,18S,SanDiego,ATGTAGTGCGC,16S_12608.1.270220.ATGTAGTGCGC.fastq.gz
SUH170,SD_Sum_17_1_atm_Gland_1,United States,California,San Diego,Mission Point,2,High tourist beach/marina with seagrass (Zostera),2017,Summer,,"Whole Gland (Distal Duct, Proximal Duct, Bulb)",1,Captive Experiments (SIO) taken from Wild environment,Depth,1 atm (~15 PSI),,Yes,No,Venomic_1,18S,SanDiego,ATTCATGGACG,18S_12641.1.273032.ATTCATGGACG.fastq.gz
SUH171,SD_Sum_17_1_atm_Gland_2,United States,California,San Diego,Mission Point,2,High tourist beach/marina with seagrass (Zostera),2017,Summer,,"Whole Gland (Distal Duct, Proximal Duct, Bulb)",2,Captive Experiments (SIO) taken from Wild environment,Depth,1 atm (~15 PSI),,Yes,No,Venomic_1,18S,SanDiego,CAATTGTGCAC,18S_12641.1.273032.CAATTGTGCAC.fastq.gz
SUH172,SD_Sum_17_1_atm_Gland_3,United States,California,San Diego,Mission Point,2,High tourist beach/marina with seagrass (Zostera),2017,Summer,,"Whole Gland (Distal Duct, Proximal Duct, Bulb)",3,Captive Experiments (SIO) taken from Wild environment,Depth,1 atm (~15 PSI),,Yes,No,Venomic_1,18S,SanDiego,CACAGACTATG,16S_12608.1.270220.CACAGACTATG.fastq.gz
SUH173,SD_Sum_17_1_atm_Gland_4,United States,California,San Diego,Mission Point,2,High tourist beach/marina with seagrass (Zostera),2017,Summer,,"Whole Gland (Distal Duct, Proximal Duct, Bulb)",4,Captive Experiments (SIO) taken from Wild environment,Depth,1 atm (~15 PSI),,Yes,No,Venomic_1,18S,SanDiego,CACATTGTGAG,18S_12641.1.273032.CACATTGTGAG.fastq.gz
SUH174,SD_Sum_17_1_atm_Gland_5,United States,California,San Diego,Mission Point,2,High tourist beach/marina with seagrass (Zostera),2017,Summer,,"Whole Gland (Distal Duct, Proximal Duct, Bulb)",5,Captive Experiments (SIO) taken from Wild environment,Depth,1 atm (~15 PSI),,Yes,No,Venomic_1,18S,SanDiego,CACGTGACATG,18S_12641.1.273032.CACGTGACATG.fastq.gz
SUH175,SD_Sum_17_300_PSI_Gland_1,United States,California,San Diego,Mission Point,2,High tourist beach/marina with seagrass (Zostera),2017,Summer,,"Whole Gland (Distal Duct, Proximal Duct, Bulb)",1,Captive Experiments (SIO) taken from Wild environment,Depth,300 PSI,,Yes,No,Venomic_1,18S,SanDiego,CACTGTATAGA,16S_12608.1.270220.CACTGTATAGA.fastq.gz
SUH176,SD_Sum_17_300_PSI_Gland_2,United States,California,San Diego,Mission Point,2,High tourist beach/marina with seagrass (Zostera),2017,Summer,,"Whole Gland (Distal Duct, Proximal Duct, Bulb)",2,Captive Experiments (SIO) taken from Wild environment,Depth,300 PSI,,Yes,No,Venomic_1,18S,SanDiego,CAGACATTGCG,18S_12641.1.273032.CAGACATTGCG.fastq.gz
SUH177,SD_Sum_17_300_PSI_Gland_3,United States,California,San Diego,Mission Point,2,High tourist beach/marina with seagrass (Zostera),2017,Summer,,"Whole Gland (Distal Duct, Proximal Duct, Bulb)",3,Captive Experiments (SIO) taken from Wild environment,Depth,300 PSI,,Yes,No,Venomic_1,18S,SanDiego,CAGATCTGACA,16S_12608.1.270220.CAGATCTGACA.fastq.gz
SUH178,SD_Sum_17_300_PSI_Gland_4,United States,California,San Diego,Mission Point,2,High tourist beach/marina with seagrass (Zostera),2017,Summer,,"Whole Gland (Distal Duct, Proximal Duct, Bulb)",4,Captive Experiments (SIO) taken from Wild environment,Depth,300 PSI,,Yes,No,Venomic_1,18S,SanDiego,CAGATGCGAGC,16S_12608.1.270220.CAGATGCGAGC.fastq.gz
SUH179,SD_Sum_17_300_PSI_Gland_5,United States,California,San Diego,Mission Point,2,High tourist beach/marina with seagrass (Zostera),2017,Summer,,"Whole Gland (Distal Duct, Proximal Duct, Bulb)",5,Captive Experiments (SIO) taken from Wild environment,Depth,300 PSI,,Yes,No,Venomic_1,18S,SanDiego,CAGCTTACTAG,18S_12641.1.273032.CAGCTTACTAG.fastq.gz
SUH180,SD_Sum_17_Prey__10min_1,United States,California,San Diego,Mission Point,2,High tourist beach/marina with seagrass (Zostera),2017,Summer,,"Whole Gland (Distal Duct, Proximal Duct, Bulb)",1,Captive Experiments (SIO) taken from Wild environment,Prey Exposure,10 min,,Yes,No,Venomic_1,18S,SanDiego,CAGTCTGATGC,16S_12608.1.270220.CAGTCTGATGC.fastq.gz
SUH181,SD_Sum_17_Prey__10min_2,United States,California,San Diego,Mission Point,2,High tourist beach/marina with seagrass (Zostera),2017,Summer,,"Whole Gland (Distal Duct, Proximal Duct, Bulb)",2,Captive Experiments (SIO) taken from Wild environment,Prey Exposure,10 min,,Yes,No,Venomic_1,18S,SanDiego,CAGTGATCCTA,18S_12641.1.273032.CAGTGATCCTA.fastq.gz
SUH182,SD_Sum_17_Prey__10min_3,United States,California,San Diego,Mission Point,2,High tourist beach/marina with seagrass (Zostera),2017,Summer,,"Whole Gland (Distal Duct, Proximal Duct, Bulb)",3,Captive Experiments (SIO) taken from Wild environment,Prey Exposure,10 min,,Yes,No,Venomic_1,18S,SanDiego,CATCACTGTAG,16S_12608.1.270220.CATCACTGTAG.fastq.gz
SUH183,SD_Sum_17_Prey__10min_4,United States,California,San Diego,Mission Point,2,High tourist beach/marina with seagrass (Zostera),2017,Summer,,"Whole Gland (Distal Duct, Proximal Duct, Bulb)",4,Captive Experiments (SIO) taken from Wild environment,Prey Exposure,10 min,,Yes,No,Venomic_1,18S,SanDiego,CATCAGCGTGT,18S_12641.1.273032.CATCAGCGTGT.fastq.gz
SUH184,SD_Sum_17_Prey__10min_5,United States,California,San Diego,Mission Point,2,High tourist beach/marina with seagrass (Zostera),2017,Summer,,"Whole Gland (Distal Duct, Proximal Duct, Bulb)",5,Captive Experiments (SIO) taken from Wild environment,Prey Exposure,10 min,,Yes,No,Venomic_1,18S,SanDiego,CATCATGAGGC,18S_12641.1.273032.CATCATGAGGC.fastq.gz
SUH185,SD_Sum_17_Sterile_Gland_1,United States,California,San Diego,Mission Point,2,High tourist beach/marina with seagrass (Zostera),2017,Summer,,"Whole Gland (Distal Duct, Proximal Duct, Bulb)",1,Captive Experiments (SIO) taken from Wild environment,Tetracycyline antiobiotic,0 mg/L,Can be used as gland control for all (maintained in sterile water): Captive Experiments (SIO) taken from Wild environment,Yes,Yes,Venomic_1,18S,SanDiego,CATGAGAGACG,16S_12608.1.270220.CATGAGAGACG.fastq.gz
SUH186,SD_Sum_17_Sterile_Gland_2,United States,California,San Diego,Mission Point,2,High tourist beach/marina with seagrass (Zostera),2017,Summer,,"Whole Gland (Distal Duct, Proximal Duct, Bulb)",2,Captive Experiments (SIO) taken from Wild environment,Tetracycyline antiobiotic,0 mg/L,Can be used as gland control for all (maintained in sterile water): Captive Experiments (SIO) taken from Wild environment,Yes,Yes,Venomic_1,18S,SanDiego,CATGAGTGCTA,18S_12641.1.273032.CATGAGTGCTA.fastq.gz
SUH187,SD_Sum_17_Sterile_Gland_3,United States,California,San Diego,Mission Point,2,High tourist beach/marina with seagrass (Zostera),2017,Summer,,"Whole Gland (Distal Duct, Proximal Duct, Bulb)",3,Captive Experiments (SIO) taken from Wild environment,Tetracycyline antiobiotic,0 mg/L,Can be used as gland control for all (maintained in sterile water): Captive Experiments (SIO) taken from Wild environment,Yes,Yes,Venomic_1,18S,SanDiego,CCAGATGATCG,18S_12641.1.273032.CCAGATGATCG.fastq.gz
SUH188,SD_Sum_17_Sterile_Gland_4,United States,California,San Diego,Mission Point,2,High tourist beach/marina with seagrass (Zostera),2017,Summer,,"Whole Gland (Distal Duct, Proximal Duct, Bulb)",4,Captive Experiments (SIO) taken from Wild environment,Tetracycyline antiobiotic,0 mg/L,Can be used as gland control for all (maintained in sterile water): Captive Experiments (SIO) taken from Wild environment,Yes,Yes,Venomic_1,18S,SanDiego,CCAGTGTATGC,18S_12641.1.273032.CCAGTGTATGC.fastq.gz
SUH189,SD_Sum_17_Sterile_Gland_5,United States,California,San Diego,Mission Point,2,High tourist beach/marina with seagrass (Zostera),2017,Summer,,"Whole Gland (Distal Duct, Proximal Duct, Bulb)",5,Captive Experiments (SIO) taken from Wild environment,Tetracycyline antiobiotic,0 mg/L,Can be used as gland control for all (maintained in sterile water): Captive Experiments (SIO) taken from Wild environment,Yes,Yes,Venomic_1,18S,SanDiego,CCTGGATATAG,18S_12641.1.273032.CCTGGATATAG.fastq.gz
SUH190,SD_Sum_17_WT_Bulb_1,United States,California,San Diego,Mission Point,2,High tourist beach/marina with seagrass (Zostera),2017,Summer,,Venom Gland: Bulb only,1,Captive Experiments (SIO) taken from Wild environment,Tissue,,,Yes,No,Venomic_1,18S,SanDiego,CGACTAGCTCA,16S_12608.1.270220.CGACTAGCTCA.fastq.gz
SUH191,SD_Sum_17_WT_Bulb_2,United States,California,San Diego,Mission Point,2,High tourist beach/marina with seagrass (Zostera),2017,Summer,,Venom Gland: Bulb only,2,Captive Experiments (SIO) taken from Wild environment,Tissue,,,Yes,No,Venomic_1,18S,SanDiego,CGAGACTAGAG,16S_12608.1.270220.CGAGACTAGAG.fastq.gz
SUH192,SD_Sum_17_WT_Bulb_3,United States,California,San Diego,Mission Point,2,High tourist beach/marina with seagrass (Zostera),2017,Summer,,Venom Gland: Bulb only,3,Captive Experiments (SIO) taken from Wild environment,Tissue,,,Yes,No,Venomic_1,18S,SanDiego,CGATATCGATC,16S_12608.1.270220.CGATATCGATC.fastq.gz
SUH193,SD_Sum_17_WT_Bulb_4,United States,California,San Diego,Mission Point,2,High tourist beach/marina with seagrass (Zostera),2017,Summer,,Venom Gland: Bulb only,4,Captive Experiments (SIO) taken from Wild environment,Tissue,,,Yes,No,Venomic_1,18S,SanDiego,CGATGAGCGTC,16S_12608.1.270220.CGATGAGCGTC.fastq.gz
SUH194,SD_Sum_17_WT_Bulb_5,United States,California,San Diego,Mission Point,2,High tourist beach/marina with seagrass (Zostera),2017,Summer,,Venom Gland: Bulb only,5,Captive Experiments (SIO) taken from Wild environment,Tissue,,,Yes,No,Venomic_1,18S,SanDiego,CGATGTCGTCA,18S_12641.1.273032.CGATGTCGTCA.fastq.gz
SUH195,SD_Sum_17_WT_Distal_Duct_1,United States,California,San Diego,Mission Point,2,High tourist beach/marina with seagrass (Zostera),2017,Summer,,Venom Gland: Distal Duct only,1,Captive Experiments (SIO) taken from Wild environment,Tissue,,,Yes,No,Venomic_1,18S,SanDiego,CGCACATCAGA,16S_12608.1.270220.CGCACATCAGA.fastq.gz
SUH196,SD_Sum_17_WT_Distal_Duct_2,United States,California,San Diego,Mission Point,2,High tourist beach/marina with seagrass (Zostera),2017,Summer,,Venom Gland: Distal Duct only,2,Captive Experiments (SIO) taken from Wild environment,Tissue,,,Yes,No,Venomic_1,18S,SanDiego,CGCATGATCAG,16S_12608.1.270220.CGCATGATCAG.fastq.gz
SUH197,SD_Sum_17_WT_Distal_Duct_3,United States,California,San Diego,Mission Point,2,High tourist beach/marina with seagrass (Zostera),2017,Summer,,Venom Gland: Distal Duct only,3,Captive Experiments (SIO) taken from Wild environment,Tissue,,,Yes,No,Venomic_1,18S,SanDiego,CGCATGTAGTA,16S_12608.1.270220.CGCATGTAGTA.fastq.gz
SUH198,SD_Sum_17_WT_Distal_Duct_4,United States,California,San Diego,Mission Point,2,High tourist beach/marina with seagrass (Zostera),2017,Summer,,Venom Gland: Distal Duct only,4,Captive Experiments (SIO) taken from Wild environment,Tissue,,,Yes,No,Venomic_1,18S,SanDiego,CGCGCAGTGTA,16S_12608.1.270220.CGCGCAGTGTA.fastq.gz
SUH199,SD_Sum_17_WT_Distal_Duct_5,United States,California,San Diego,Mission Point,2,High tourist beach/marina with seagrass (Zostera),2017,Summer,,Venom Gland: Distal Duct only,5,Captive Experiments (SIO) taken from Wild environment,Tissue,,,Yes,No,Venomic_1,18S,SanDiego,CGGACGTTCAT,18S_12641.1.273032.CGGACGTTCAT.fastq.gz
SUH200,SD_Sum_17_WT_Gland_1,United States,California,San Diego,Mission Point,2,High tourist beach/marina with seagrass (Zostera),2017,Summer,,"Whole Gland (Distal Duct, Proximal Duct, Bulb)",1,Captive Experiments (SIO) taken from Wild environment,,,Can be used as gland control for all (maintained in Wild water from environment): Captive Experiments (SIO) taken from Wild environment,Yes,Yes,Venomic_1,18S,SanDiego,CGGTACTTGCA,18S_12641.1.273032.CGGTACTTGCA.fastq.gz
SUH201,SD_Sum_17_WT_Gland_2,United States,California,San Diego,Mission Point,2,High tourist beach/marina with seagrass (Zostera),2017,Summer,,"Whole Gland (Distal Duct, Proximal Duct, Bulb)",2,Captive Experiments (SIO) taken from Wild environment,,,Can be used as gland control for all (maintained in Wild water from environment): Captive Experiments (SIO) taken from Wild environment,Yes,Yes,Venomic_1,18S,SanDiego,CGTAGATGTCG,16S_12608.1.270220.CGTAGATGTCG.fastq.gz
SUH202,SD_Sum_17_WT_Gland_3,United States,California,San Diego,Mission Point,2,High tourist beach/marina with seagrass (Zostera),2017,Summer,,"Whole Gland (Distal Duct, Proximal Duct, Bulb)",3,Captive Experiments (SIO) taken from Wild environment,,,Can be used as gland control for all (maintained in Wild water from environment): Captive Experiments (SIO) taken from Wild environment,Yes,Yes,Venomic_1,18S,SanDiego,CGTATCTGCGA,18S_12641.1.273032.CGTATCTGCGA.fastq.gz
SUH203,SD_Sum_17_WT_Gland_4,United States,California,San Diego,Mission Point,2,High tourist beach/marina with seagrass (Zostera),2017,Summer,,"Whole Gland (Distal Duct, Proximal Duct, Bulb)",4,Captive Experiments (SIO) taken from Wild environment,,,Can be used as gland control for all (maintained in Wild water from environment): Captive Experiments (SIO) taken from Wild environment,Yes,Yes,Venomic_1,18S,SanDiego,CTACAATGTCG,18S_12641.1.273032.CTACAATGTCG.fastq.gz
SUH204,SD_Sum_17_WT_Gland_5,United States,California,San Diego,Mission Point,2,High tourist beach/marina with seagrass (Zostera),2017,Summer,,"Whole Gland (Distal Duct, Proximal Duct, Bulb)",5,Captive Experiments (SIO) taken from Wild environment,,,Can be used as gland control for all (maintained in Wild water from environment): Captive Experiments (SIO) taken from Wild environment,Yes,Yes,Venomic_1,18S,SanDiego,CTACATGAGTG,16S_12608.1.270220.CTACATGAGTG.fastq.gz
SUH205,SD_Sum_17_WT_Proximal_Duct_1,United States,California,San Diego,Mission Point,2,High tourist beach/marina with seagrass (Zostera),2017,Summer,,Venom Gland: Proximal Duct only,1,Captive Experiments (SIO) taken from Wild environment,,,,Yes,No,Venomic_1,18S,SanDiego,CTAGACTGATG,16S_12608.1.270220.CTAGACTGATG.fastq.gz
SUH206,SD_Sum_17_WT_Proximal_Duct_2,United States,California,San Diego,Mission Point,2,High tourist beach/marina with seagrass (Zostera),2017,Summer,,Venom Gland: Proximal Duct only,2,Captive Experiments (SIO) taken from Wild environment,,,,Yes,No,Venomic_1,18S,SanDiego,CTAGCTCAGCG,16S_12608.1.270220.CTAGCTCAGCG.fastq.gz
SUH207,SD_Sum_17_WT_Proximal_Duct_3,United States,California,San Diego,Mission Point,2,High tourist beach/marina with seagrass (Zostera),2017,Summer,,Venom Gland: Proximal Duct only,3,Captive Experiments (SIO) taken from Wild environment,,,,Yes,No,Venomic_1,18S,SanDiego,CTAGTCAGCTG,18S_12641.1.273032.CTAGTCAGCTG.fastq.gz
SUH208,SD_Sum_17_WT_Proximal_Duct_4,United States,California,San Diego,Mission Point,2,High tourist beach/marina with seagrass (Zostera),2017,Summer,,Venom Gland: Proximal Duct only,4,Captive Experiments (SIO) taken from Wild environment,,,,Yes,No,Venomic_1,18S,SanDiego,CTAGTCGACGA,16S_12608.1.270220.CTAGTCGACGA.fastq.gz
SUH209,SD_Sum_17_WT_Proximal_Duct_5,United States,California,San Diego,Mission Point,2,High tourist beach/marina with seagrass (Zostera),2017,Summer,,Venom Gland: Proximal Duct only,5,Captive Experiments (SIO) taken from Wild environment,,,,Yes,No,Venomic_1,18S,SanDiego,CTCAGTATGCA,18S_12641.1.273032.CTCAGTATGCA.fastq.gz
SUH210,San_Diego_SU_17_Gland_1,United States,California,San Diego,Mission Point,2,High tourist beach/marina with seagrass (Zostera),2017,Summer,,"Whole Gland (Distal Duct, Proximal Duct, Bulb)",1,Flash Frozen on Site,Wild,,,Yes,No,Venomic_1,18S,SanDiego,CTCTAAGCATG,18S_12641.1.273032.CTCTAAGCATG.fastq.gz
SUH211,San_Diego_SU_17_Gland_2,United States,California,San Diego,Mission Point,2,High tourist beach/marina with seagrass (Zostera),2017,Summer,,"Whole Gland (Distal Duct, Proximal Duct, Bulb)",2,Flash Frozen on Site,Wild,,,Yes,No,Venomic_1,18S,SanDiego,CTGACTACTCT,16S_12608.1.270220.CTGACTACTCT.fastq.gz
SUH212,San_Diego_SU_17_Gland_3,United States,California,San Diego,Mission Point,2,High tourist beach/marina with seagrass (Zostera),2017,Summer,,"Whole Gland (Distal Duct, Proximal Duct, Bulb)",3,Flash Frozen on Site,Wild,,,Yes,No,Venomic_1,18S,SanDiego,CTGTCATGAGT,16S_12608.1.270220.CTGTCATGAGT.fastq.gz
SUH213,San_Diego_SU_17_Gland_4,United States,California,San Diego,Mission Point,2,High tourist beach/marina with seagrass (Zostera),2017,Summer,,"Whole Gland (Distal Duct, Proximal Duct, Bulb)",4,Flash Frozen on Site,Wild,,,Yes,No,Venomic_1,18S,SanDiego,CTTCGGCAGAA,18S_12641.1.273032.CTTCGGCAGAA.fastq.gz
SUH214,San_Diego_SU_17_Gland_5,United States,California,San Diego,Mission Point,2,High tourist beach/marina with seagrass (Zostera),2017,Summer,,"Whole Gland (Distal Duct, Proximal Duct, Bulb)",5,Flash Frozen on Site,Wild,,,Yes,No,Venomic_1,18S,SanDiego,CTTCTAAGGAG,18S_12641.1.273032.CTTCTAAGGAG.fastq.gz
SUH216,MX_0_5_km_SU_16_Gland_1,Mexico,Baja Califonia,Puerto Nuevo,0.5 km site,0,"Intertidal with seagrass (Zostera), close to aquaculture and run-off",2016,Summer,,"Whole Gland (Distal Duct, Proximal Duct, Bulb)",1,Flash Frozen on Site,Wild,,,Yes,No,Venomic_1,16S_V4,PN_Minor,CTTGCTGAAGA,18S_12641.1.273032.CTTGCTGAAGA.fastq.gz
SUH217,MX_0_5_km_SU_16_Gland_2,Mexico,Baja Califonia,Puerto Nuevo,0.5 km site,0,"Intertidal with seagrass (Zostera), close to aquaculture and run-off",2016,Summer,,"Whole Gland (Distal Duct, Proximal Duct, Bulb)",2,Flash Frozen on Site,Wild,,,Yes,No,Venomic_1,16S_V4,PN_Minor,CTTGTAGGACC,18S_12641.1.273032.CTTGTAGGACC.fastq.gz
SUH218,MX_0_5_km_SU_16_Gland_3,Mexico,Baja Califonia,Puerto Nuevo,0.5 km site,0,"Intertidal with seagrass (Zostera), close to aquaculture and run-off",2016,Summer,,"Whole Gland (Distal Duct, Proximal Duct, Bulb)",3,Flash Frozen on Site,Wild,,,Yes,No,Venomic_1,16S_V4,PN_Minor,GAACACTTCTG,18S_12641.1.273032.GAACACTTCTG.fastq.gz
SUH219,MX_0_5_km_SU_16_Gland_4,Mexico,Baja Califonia,Puerto Nuevo,0.5 km site,0,"Intertidal with seagrass (Zostera), close to aquaculture and run-off",2016,Summer,,"Whole Gland (Distal Duct, Proximal Duct, Bulb)",4,Flash Frozen on Site,Wild,,,Yes,No,Venomic_1,16S_V4,PN_Minor,GAAGTCTCGCA,18S_12641.1.273032.GAAGTCTCGCA.fastq.gz
SUH220,MX_0_5_km_SU_16_Gland_5,Mexico,Baja Califonia,Puerto Nuevo,0.5 km site,0,"Intertidal with seagrass (Zostera), close to aquaculture and run-off",2016,Summer,,"Whole Gland (Distal Duct, Proximal Duct, Bulb)",5,Flash Frozen on Site,Wild,,,Yes,No,Venomic_1,16S_V4,PN_Minor,GAATCTTCGAG,18S_12641.1.273032.GAATCTTCGAG.fastq.gz
SUH221,MX_0_5_km_SU_17_Gland_1,Mexico,Baja Califonia,Puerto Nuevo,0.5 km site,0,"Intertidal with seagrass (Zostera), close to aquaculture and run-off",2017,Summer,,"Whole Gland (Distal Duct, Proximal Duct, Bulb)",1,Flash Frozen on Site,Wild,,,Yes,No,Venomic_1,16S_V4,PN_Minor,GACGACGCATC,16S_12608.1.270220.GACGACGCATC.fastq.gz
SUH222,MX_0_5_km_SU_17_Gland_2,Mexico,Baja Califonia,Puerto Nuevo,0.5 km site,0,"Intertidal with seagrass (Zostera), close to aquaculture and run-off",2017,Summer,,"Whole Gland (Distal Duct, Proximal Duct, Bulb)",2,Flash Frozen on Site,Wild,,,Yes,No,Venomic_1,16S_V4,PN_Minor,GACGATGACAC,16S_12608.1.270220.GACGATGACAC.fastq.gz
SUH223,MX_0_5_km_SU_17_Gland_3,Mexico,Baja Califonia,Puerto Nuevo,0.5 km site,0,"Intertidal with seagrass (Zostera), close to aquaculture and run-off",2017,Summer,,"Whole Gland (Distal Duct, Proximal Duct, Bulb)",3,Flash Frozen on Site,Wild,,,Yes,No,Venomic_1,16S_V4,PN_Minor,GACGCTAGTTC,18S_12641.1.273032.GACGCTAGTTC.fastq.gz
SUH224,MX_0_5_km_SU_17_Gland_4,Mexico,Baja Califonia,Puerto Nuevo,0.5 km site,0,"Intertidal with seagrass (Zostera), close to aquaculture and run-off",2017,Summer,,"Whole Gland (Distal Duct, Proximal Duct, Bulb)",4,Flash Frozen on Site,Wild,,,Yes,No,Venomic_1,16S_V4,PN_Minor,GACTAGTGCTG,16S_12608.1.270220.GACTAGTGCTG.fastq.gz
SUH225,MX_0_5_km_SU_17_Gland_5,Mexico,Baja Califonia,Puerto Nuevo,0.5 km site,0,"Intertidal with seagrass (Zostera), close to aquaculture and run-off",2017,Summer,,"Whole Gland (Distal Duct, Proximal Duct, Bulb)",5,Flash Frozen on Site,Wild,,,Yes,No,Venomic_1,16S_V4,PN_Minor,GACTTATAGGC,18S_12641.1.273032.GACTTATAGGC.fastq.gz
SUH226,MX_0_5_km_WI_16_1_Gland_1,Mexico,Baja Califonia,Puerto Nuevo,0.5 km site,0,"Intertidal with seagrass (Zostera), close to aquaculture and run-off",2016,Winter,1,"Whole Gland (Distal Duct, Proximal Duct, Bulb)",1,Flash Frozen on Site,Wild,,,Yes,No,Venomic_1,16S_V4,PN_Minor,GAGTAGATCAC,16S_12608.1.270220.GAGTAGATCAC.fastq.gz
SUH227,MX_0_5_km_WI_16_1_Gland_2,Mexico,Baja Califonia,Puerto Nuevo,0.5 km site,0,"Intertidal with seagrass (Zostera), close to aquaculture and run-off",2016,Winter,1,"Whole Gland (Distal Duct, Proximal Duct, Bulb)",2,Flash Frozen on Site,Wild,,,Yes,No,Venomic_1,16S_V4,PN_Minor,GAGTTCCATAG,18S_12641.1.273032.GAGTTCCATAG.fastq.gz
SUH228,MX_0_5_km_WI_16_1_Gland_3,Mexico,Baja Califonia,Puerto Nuevo,0.5 km site,0,"Intertidal with seagrass (Zostera), close to aquaculture and run-off",2016,Winter,1,"Whole Gland (Distal Duct, Proximal Duct, Bulb)",3,Flash Frozen on Site,Wild,,,Yes,No,Venomic_1,16S_V4,PN_Minor,GATACGCTACA,16S_12608.1.270220.GATACGCTACA.fastq.gz
SUH229,MX_0_5_km_WI_16_1_Gland_4,Mexico,Baja Califonia,Puerto Nuevo,0.5 km site,0,"Intertidal with seagrass (Zostera), close to aquaculture and run-off",2016,Winter,1,"Whole Gland (Distal Duct, Proximal Duct, Bulb)",4,Flash Frozen on Site,Wild,,,Yes,No,Venomic_1,16S_V4,PN_Minor,GATACGTCCTG,18S_12641.1.273032.GATACGTCCTG.fastq.gz
SUH230,MX_0_5_km_WI_16_1_Gland_5,Mexico,Baja Califonia,Puerto Nuevo,0.5 km site,0,"Intertidal with seagrass (Zostera), close to aquaculture and run-off",2016,Winter,1,"Whole Gland (Distal Duct, Proximal Duct, Bulb)",5,Flash Frozen on Site,Wild,,,Yes,No,Venomic_1,16S_V4,PN_Minor,GATAGTGCCAC,18S_12641.1.273032.GATAGTGCCAC.fastq.gz
SUH231,MX_0_5_km_WI_16_2_Gland_1,Mexico,Baja Califonia,Puerto Nuevo,0.5 km site,0,"Intertidal with seagrass (Zostera), close to aquaculture and run-off",2016,Winter,2,"Whole Gland (Distal Duct, Proximal Duct, Bulb)",1,Flash Frozen on Site,Wild,,,Yes,No,Venomic_1,16S_V4,PN_Minor,GATATCGATCA,16S_12608.1.270220.GATATCGATCA.fastq.gz
SUH232,MX_0_5_km_WI_16_2_Gland_2,Mexico,Baja Califonia,Puerto Nuevo,0.5 km site,0,"Intertidal with seagrass (Zostera), close to aquaculture and run-off",2016,Winter,2,"Whole Gland (Distal Duct, Proximal Duct, Bulb)",2,Flash Frozen on Site,Wild,,,Yes,No,Venomic_1,16S_V4,PN_Minor,GATATGACGCG,16S_12608.1.270220.GATATGACGCG.fastq.gz
SUH233,MX_0_5_km_WI_16_2_Gland_3,Mexico,Baja Califonia,Puerto Nuevo,0.5 km site,0,"Intertidal with seagrass (Zostera), close to aquaculture and run-off",2016,Winter,2,"Whole Gland (Distal Duct, Proximal Duct, Bulb)",3,Flash Frozen on Site,Wild,,,Yes,No,Venomic_1,16S_V4,PN_Minor,GATCAGTACAG,16S_12608.1.270220.GATCAGTACAG.fastq.gz
SUH234,MX_0_5_km_WI_16_2_Gland_4,Mexico,Baja Califonia,Puerto Nuevo,0.5 km site,0,"Intertidal with seagrass (Zostera), close to aquaculture and run-off",2016,Winter,2,"Whole Gland (Distal Duct, Proximal Duct, Bulb)",4,Flash Frozen on Site,Wild,,,Yes,No,Venomic_1,16S_V4,PN_Minor,GATGACACAGT,16S_12608.1.270220.GATGACACAGT.fastq.gz
SUH235,MX_0_5_km_WI_16_2_Gland_5,Mexico,Baja Califonia,Puerto Nuevo,0.5 km site,0,"Intertidal with seagrass (Zostera), close to aquaculture and run-off",2016,Winter,2,"Whole Gland (Distal Duct, Proximal Duct, Bulb)",5,Flash Frozen on Site,Wild,,,Yes,No,Venomic_1,16S_V4,PN_Minor,GATGCAGTCAC,16S_12608.1.270220.GATGCAGTCAC.fastq.gz
SUH237,MX_0_km_SU_17_Gland_1,Mexico,Baja Califonia,Puerto Nuevo,0.0 km site,0,"Intertidal with seagrass (Zostera), close to aquaculture and run-off",2017,Summer,,"Whole Gland (Distal Duct, Proximal Duct, Bulb)",1,Flash Frozen on Site,Wild,,,Yes,No,Venomic_1,16S_V4,PN_Sheltered,GCACGTATAGC,16S_12608.1.270220.GCACGTATAGC.fastq.gz
SUH238,MX_0_km_SU_17_Gland_2,Mexico,Baja Califonia,Puerto Nuevo,0.0 km site,0,"Intertidal with seagrass (Zostera), close to aquaculture and run-off",2017,Summer,,"Whole Gland (Distal Duct, Proximal Duct, Bulb)",2,Flash Frozen on Site,Wild,,,Yes,No,Venomic_1,16S_V4,PN_Sheltered,GCACGTTCTAA,18S_12641.1.273032.GCACGTTCTAA.fastq.gz
SUH239,MX_0_km_SU_17_Gland_3,Mexico,Baja Califonia,Puerto Nuevo,0.0 km site,0,"Intertidal with seagrass (Zostera), close to aquaculture and run-off",2017,Summer,,"Whole Gland (Distal Duct, Proximal Duct, Bulb)",3,Flash Frozen on Site,Wild,,,Yes,No,Venomic_1,16S_V4,PN_Sheltered,GCATATCAGAG,16S_12608.1.270220.GCATATCAGAG.fastq.gz
SUH240,MX_0_km_SU_17_Gland_4,Mexico,Baja Califonia,Puerto Nuevo,0.0 km site,0,"Intertidal with seagrass (Zostera), close to aquaculture and run-off",2017,Summer,,"Whole Gland (Distal Duct, Proximal Duct, Bulb)",4,Flash Frozen on Site,Wild,,,Yes,No,Venomic_1,16S_V4,PN_Sheltered,GCATGGCTCTA,18S_12641.1.273032.GCATGGCTCTA.fastq.gz
SUH241,MX_0_km_SU_17_Gland_5,Mexico,Baja Califonia,Puerto Nuevo,0.0 km site,0,"Intertidal with seagrass (Zostera), close to aquaculture and run-off",2017,Summer,,"Whole Gland (Distal Duct, Proximal Duct, Bulb)",5,Flash Frozen on Site,Wild,,,Yes,No,Venomic_1,16S_V4,PN_Sheltered,GCCGCTTAATA,18S_12641.1.273032.GCCGCTTAATA.fastq.gz
SUH242,MX_1_5_km_SU_17_Gland_1,Mexico,Baja Califonia,Puerto Nuevo,1.5 km site,0,"Intertidal with seagrass (Zostera), close to aquaculture and run-off",2017,Summer,,"Whole Gland (Distal Duct, Proximal Duct, Bulb)",1,Flash Frozen on Site,Wild,,,Yes,No,Venomic_1,16S_V4,PN_Major,GCCTTAAGCGA,18S_12641.1.273032.GCCTTAAGCGA.fastq.gz
SUH243,MX_1_5_km_SU_17_Gland_2,Mexico,Baja Califonia,Puerto Nuevo,1.5 km site,0,"Intertidal with seagrass (Zostera), close to aquaculture and run-off",2017,Summer,,"Whole Gland (Distal Duct, Proximal Duct, Bulb)",2,Flash Frozen on Site,Wild,,,Yes,No,Venomic_1,16S_V4,PN_Major,GCGACTCGAGC,16S_12608.1.270220.GCGACTCGAGC.fastq.gz
SUH244,MX_1_5_km_SU_17_Gland_3,Mexico,Baja Califonia,Puerto Nuevo,1.5 km site,0,"Intertidal with seagrass (Zostera), close to aquaculture and run-off",2017,Summer,,"Whole Gland (Distal Duct, Proximal Duct, Bulb)",3,Flash Frozen on Site,Wild,,,Yes,No,Venomic_1,16S_V4,PN_Major,GCGATGTCATC,16S_12608.1.270220.GCGATGTCATC.fastq.gz
SUH245,MX_1_5_km_SU_17_Gland_4,Mexico,Baja Califonia,Puerto Nuevo,1.5 km site,0,"Intertidal with seagrass (Zostera), close to aquaculture and run-off",2017,Summer,,"Whole Gland (Distal Duct, Proximal Duct, Bulb)",4,Flash Frozen on Site,Wild,,,Yes,No,Venomic_1,16S_V4,PN_Major,GCTACGTGCAC,16S_12608.1.270220.GCTACGTGCAC.fastq.gz
SUH246,MX_1_5_km_SU_17_Gland_5,Mexico,Baja Califonia,Puerto Nuevo,1.5 km site,0,"Intertidal with seagrass (Zostera), close to aquaculture and run-off",2017,Summer,,"Whole Gland (Distal Duct, Proximal Duct, Bulb)",5,Flash Frozen on Site,Wild,,,Yes,No,Venomic_1,16S_V4,PN_Major,GCTACTCTGAG,16S_12608.1.270220.GCTACTCTGAG.fastq.gz
SUH247,Monterey_SU_17_Gland_1,United States,California,Monterey,Del Monte Beach,10,Sandy beach with seagrass (Zostera),2017,Summer,,"Whole Gland (Distal Duct, Proximal Duct, Bulb)",1,Flash Frozen on Site,Wild,,,Yes,No,Venomic_1,16S_V4,MB,GCTCACAGCTA,16S_12608.1.270220.GCTCACAGCTA.fastq.gz
SUH248,Monterey_SU_17_Gland_2,United States,California,Monterey,Del Monte Beach,10,Sandy beach with seagrass (Zostera),2017,Summer,,"Whole Gland (Distal Duct, Proximal Duct, Bulb)",2,Flash Frozen on Site,Wild,,,Yes,No,Venomic_1,16S_V4,MB,GCTCATGTAGT,16S_12608.1.270220.GCTCATGTAGT.fastq.gz
SUH249,Monterey_SU_17_Gland_3,United States,California,Monterey,Del Monte Beach,10,Sandy beach with seagrass (Zostera),2017,Summer,,"Whole Gland (Distal Duct, Proximal Duct, Bulb)",3,Flash Frozen on Site,Wild,,,Yes,No,Venomic_1,16S_V4,MB,GCTCTAGAGTA,16S_12608.1.270220.GCTCTAGAGTA.fastq.gz
SUH250,Monterey_SU_17_Gland_4,United States,California,Monterey,Del Monte Beach,10,Sandy beach with seagrass (Zostera),2017,Summer,,"Whole Gland (Distal Duct, Proximal Duct, Bulb)",4,Flash Frozen on Site,Wild,,,Yes,No,Venomic_1,16S_V4,MB,GCTGATATACA,16S_12608.1.270220.GCTGATATACA.fastq.gz
SUH251,Monterey_SU_17_Gland_5,United States,California,Monterey,Del Monte Beach,10,Sandy beach with seagrass (Zostera),2017,Summer,,"Whole Gland (Distal Duct, Proximal Duct, Bulb)",5,Flash Frozen on Site,Wild,,,Yes,No,Venomic_1,16S_V4,MB,GGTATGACTCA,18S_12641.1.273032.GGTATGACTCA.fastq.gz
SUH252,SD_Sum_17_100_PSI_Gland_1,United States,California,San Diego,Mission Point,2,High tourist beach/marina with seagrass (Zostera),2017,Summer,,"Whole Gland (Distal Duct, Proximal Duct, Bulb)",1,Captive Experiments (SIO) taken from Wild environment,Depth,100 PSI,,Yes,No,Venomic_1,16S_V4,SanDiego,GGTCCAACTAG,18S_12641.1.273032.GGTCCAACTAG.fastq.gz
SUH253,SD_Sum_17_100_PSI_Gland_2,United States,California,San Diego,Mission Point,2,High tourist beach/marina with seagrass (Zostera),2017,Summer,,"Whole Gland (Distal Duct, Proximal Duct, Bulb)",2,Captive Experiments (SIO) taken from Wild environment,Depth,100 PSI,,Yes,No,Venomic_1,16S_V4,SanDiego,GGTTGCACAAT,18S_12641.1.273032.GGTTGCACAAT.fastq.gz
SUH254,SD_Sum_17_100_PSI_Gland_3,United States,California,San Diego,Mission Point,2,High tourist beach/marina with seagrass (Zostera),2017,Summer,,"Whole Gland (Distal Duct, Proximal Duct, Bulb)",3,Captive Experiments (SIO) taken from Wild environment,Depth,100 PSI,,Yes,No,Venomic_1,16S_V4,SanDiego,GTACGAATCCT,18S_12641.1.273032.GTACGAATCCT.fastq.gz
SUH255,SD_Sum_17_100_PSI_Gland_4,United States,California,San Diego,Mission Point,2,High tourist beach/marina with seagrass (Zostera),2017,Summer,,"Whole Gland (Distal Duct, Proximal Duct, Bulb)",4,Captive Experiments (SIO) taken from Wild environment,Depth,100 PSI,,Yes,No,Venomic_1,16S_V4,SanDiego,GTAGCAACGTC,18S_12641.1.273032.GTAGCAACGTC.fastq.gz
SUH256,SD_Sum_17_100_PSI_Gland_5,United States,California,San Diego,Mission Point,2,High tourist beach/marina with seagrass (Zostera),2017,Summer,,"Whole Gland (Distal Duct, Proximal Duct, Bulb)",5,Captive Experiments (SIO) taken from Wild environment,Depth,100 PSI,,Yes,No,Venomic_1,16S_V4,SanDiego,GTATCCATGCG,18S_12641.1.273032.GTATCCATGCG.fastq.gz
SUH257,SD_Sum_17_150mg_L_TC_Gland_1,United States,California,San Diego,Mission Point,2,High tourist beach/marina with seagrass (Zostera),2017,Summer,,"Whole Gland (Distal Duct, Proximal Duct, Bulb)",1,Captive Experiments (SIO) taken from Wild environment,Tetracycyline antiobiotic,150 mg/L,,Yes,Yes,Venomic_1,16S_V4,SanDiego,GTCACGACACA,16S_12608.1.270220.GTCACGACACA.fastq.gz
SUH258,SD_Sum_17_150mg_L_TC_Gland_2,United States,California,San Diego,Mission Point,2,High tourist beach/marina with seagrass (Zostera),2017,Summer,,"Whole Gland (Distal Duct, Proximal Duct, Bulb)",2,Captive Experiments (SIO) taken from Wild environment,Tetracycyline antiobiotic,150 mg/L,,Yes,Yes,Venomic_1,16S_V4,SanDiego,GTCCAGTAATG,18S_12641.1.273032.GTCCAGTAATG.fastq.gz
SUH259,SD_Sum_17_150mg_L_TC_Gland_3,United States,California,San Diego,Mission Point,2,High tourist beach/marina with seagrass (Zostera),2017,Summer,,"Whole Gland (Distal Duct, Proximal Duct, Bulb)",3,Captive Experiments (SIO) taken from Wild environment,Tetracycyline antiobiotic,150 mg/L,,Yes,Yes,Venomic_1,16S_V4,SanDiego,GTCCGCTGAAT,18S_12641.1.273032.GTCCGCTGAAT.fastq.gz
SUH260,SD_Sum_17_150mg_L_TC_Gland_4,United States,California,San Diego,Mission Point,2,High tourist beach/marina with seagrass (Zostera),2017,Summer,,"Whole Gland (Distal Duct, Proximal Duct, Bulb)",4,Captive Experiments (SIO) taken from Wild environment,Tetracycyline antiobiotic,150 mg/L,,Yes,Yes,Venomic_1,16S_V4,SanDiego,GTCGCTCATGA,16S_12608.1.270220.GTCGCTCATGA.fastq.gz
SUH261,SD_Sum_17_150mg_L_TC_Gland_5,United States,California,San Diego,Mission Point,2,High tourist beach/marina with seagrass (Zostera),2017,Summer,,"Whole Gland (Distal Duct, Proximal Duct, Bulb)",5,Captive Experiments (SIO) taken from Wild environment,Tetracycyline antiobiotic,150 mg/L,,Yes,Yes,Venomic_1,16S_V4,SanDiego,GTCTACACGAG,16S_12608.1.270220.GTCTACACGAG.fastq.gz
SUH262,SD_Sum_17_1_atm_Gland_1,United States,California,San Diego,Mission Point,2,High tourist beach/marina with seagrass (Zostera),2017,Summer,,"Whole Gland (Distal Duct, Proximal Duct, Bulb)",1,Captive Experiments (SIO) taken from Wild environment,Depth,1 atm (~15 PSI),,Yes,No,Venomic_1,16S_V4,SanDiego,GTGCACGCGAC,16S_12608.1.270220.GTGCACGCGAC.fastq.gz
SUH263,SD_Sum_17_1_atm_Gland_2,United States,California,San Diego,Mission Point,2,High tourist beach/marina with seagrass (Zostera),2017,Summer,,"Whole Gland (Distal Duct, Proximal Duct, Bulb)",2,Captive Experiments (SIO) taken from Wild environment,Depth,1 atm (~15 PSI),,Yes,No,Venomic_1,16S_V4,SanDiego,GTTACCTCAGA,18S_12641.1.273032.GTTACCTCAGA.fastq.gz
SUH264,SD_Sum_17_1_atm_Gland_3,United States,California,San Diego,Mission Point,2,High tourist beach/marina with seagrass (Zostera),2017,Summer,,"Whole Gland (Distal Duct, Proximal Duct, Bulb)",3,Captive Experiments (SIO) taken from Wild environment,Depth,1 atm (~15 PSI),,Yes,No,Venomic_1,16S_V4,SanDiego,TACAGATGGCT,18S_12641.1.273032.TACAGATGGCT.fastq.gz
SUH265,SD_Sum_17_1_atm_Gland_4,United States,California,San Diego,Mission Point,2,High tourist beach/marina with seagrass (Zostera),2017,Summer,,"Whole Gland (Distal Duct, Proximal Duct, Bulb)",4,Captive Experiments (SIO) taken from Wild environment,Depth,1 atm (~15 PSI),,Yes,No,Venomic_1,16S_V4,SanDiego,TACATAGTCGC,16S_12608.1.270220.TACATAGTCGC.fastq.gz
SUH266,SD_Sum_17_1_atm_Gland_5,United States,California,San Diego,Mission Point,2,High tourist beach/marina with seagrass (Zostera),2017,Summer,,"Whole Gland (Distal Duct, Proximal Duct, Bulb)",5,Captive Experiments (SIO) taken from Wild environment,Depth,1 atm (~15 PSI),,Yes,No,Venomic_1,16S_V4,SanDiego,TACCGCTAGTA,18S_12641.1.273032.TACCGCTAGTA.fastq.gz
SUH267,SD_Sum_17_300_PSI_Gland_1,United States,California,San Diego,Mission Point,2,High tourist beach/marina with seagrass (Zostera),2017,Summer,,"Whole Gland (Distal Duct, Proximal Duct, Bulb)",1,Captive Experiments (SIO) taken from Wild environment,Depth,300 PSI,,Yes,No,Venomic_1,16S_V4,SanDiego,TAGAGCCGTTA,18S_12641.1.273032.TAGAGCCGTTA.fastq.gz
SUH268,SD_Sum_17_300_PSI_Gland_2,United States,California,San Diego,Mission Point,2,High tourist beach/marina with seagrass (Zostera),2017,Summer,,"Whole Gland (Distal Duct, Proximal Duct, Bulb)",2,Captive Experiments (SIO) taken from Wild environment,Depth,300 PSI,,Yes,No,Venomic_1,16S_V4,SanDiego,TAGATCATGAC,16S_12608.1.270220.TAGATCATGAC.fastq.gz
SUH269,SD_Sum_17_300_PSI_Gland_3,United States,California,San Diego,Mission Point,2,High tourist beach/marina with seagrass (Zostera),2017,Summer,,"Whole Gland (Distal Duct, Proximal Duct, Bulb)",3,Captive Experiments (SIO) taken from Wild environment,Depth,300 PSI,,Yes,No,Venomic_1,16S_V4,SanDiego,TAGCACGAGTG,16S_12608.1.270220.TAGCACGAGTG.fastq.gz
SUH270,SD_Sum_17_300_PSI_Gland_4,United States,California,San Diego,Mission Point,2,High tourist beach/marina with seagrass (Zostera),2017,Summer,,"Whole Gland (Distal Duct, Proximal Duct, Bulb)",4,Captive Experiments (SIO) taken from Wild environment,Depth,300 PSI,,Yes,No,Venomic_1,16S_V4,SanDiego,TAGCGTACTCT,16S_12608.1.270220.TAGCGTACTCT.fastq.gz
SUH271,SD_Sum_17_300_PSI_Gland_5,United States,California,San Diego,Mission Point,2,High tourist beach/marina with seagrass (Zostera),2017,Summer,,"Whole Gland (Distal Duct, Proximal Duct, Bulb)",5,Captive Experiments (SIO) taken from Wild environment,Depth,300 PSI,,Yes,No,Venomic_1,16S_V4,SanDiego,TAGGCCGACTT,18S_12641.1.273032.TAGGCCGACTT.fastq.gz
SUH272,SD_Sum_17_Prey__10min_1,United States,California,San Diego,Mission Point,2,High tourist beach/marina with seagrass (Zostera),2017,Summer,,"Whole Gland (Distal Duct, Proximal Duct, Bulb)",1,Captive Experiments (SIO) taken from Wild environment,Prey Exposure,10 min,,Yes,No,Venomic_1,16S_V4,SanDiego,TAGTCAGGCCA,18S_12641.1.273032.TAGTCAGGCCA.fastq.gz
SUH273,SD_Sum_17_Prey__10min_2,United States,California,San Diego,Mission Point,2,High tourist beach/marina with seagrass (Zostera),2017,Summer,,"Whole Gland (Distal Duct, Proximal Duct, Bulb)",2,Captive Experiments (SIO) taken from Wild environment,Prey Exposure,10 min,,Yes,No,Venomic_1,16S_V4,SanDiego,TAGTCGATACG,16S_12608.1.270220.TAGTCGATACG.fastq.gz
SUH274,SD_Sum_17_Prey__10min_3,United States,California,San Diego,Mission Point,2,High tourist beach/marina with seagrass (Zostera),2017,Summer,,"Whole Gland (Distal Duct, Proximal Duct, Bulb)",3,Captive Experiments (SIO) taken from Wild environment,Prey Exposure,10 min,,Yes,No,Venomic_1,16S_V4,SanDiego,TAGTGCACTCA,16S_12608.1.270220.TAGTGCACTCA.fastq.gz
SUH275,SD_Sum_17_Prey__10min_4,United States,California,San Diego,Mission Point,2,High tourist beach/marina with seagrass (Zostera),2017,Summer,,"Whole Gland (Distal Duct, Proximal Duct, Bulb)",4,Captive Experiments (SIO) taken from Wild environment,Prey Exposure,10 min,,Yes,No,Venomic_1,16S_V4,SanDiego,TATACGCAGCG,16S_12608.1.270220.TATACGCAGCG.fastq.gz
SUH276,SD_Sum_17_Prey__10min_5,United States,California,San Diego,Mission Point,2,High tourist beach/marina with seagrass (Zostera),2017,Summer,,"Whole Gland (Distal Duct, Proximal Duct, Bulb)",5,Captive Experiments (SIO) taken from Wild environment,Prey Exposure,10 min,,Yes,No,Venomic_1,16S_V4,SanDiego,TATCGCACTAG,16S_12608.1.270220.TATCGCACTAG.fastq.gz
SUH277,SD_Sum_17_Sterile_Gland_1,United States,California,San Diego,Mission Point,2,High tourist beach/marina with seagrass (Zostera),2017,Summer,,"Whole Gland (Distal Duct, Proximal Duct, Bulb)",1,Captive Experiments (SIO) taken from Wild environment,Tetracycyline antiobiotic,0 mg/L,Can be used as gland control for all (maintained in sterile water): Captive Experiments (SIO) taken from Wild environment,Yes,Yes,Venomic_1,16S_V4,SanDiego,TCAGAGGTTAC,18S_12641.1.273032.TCAGAGGTTAC.fastq.gz
SUH278,SD_Sum_17_Sterile_Gland_2,United States,California,San Diego,Mission Point,2,High tourist beach/marina with seagrass (Zostera),2017,Summer,,"Whole Gland (Distal Duct, Proximal Duct, Bulb)",2,Captive Experiments (SIO) taken from Wild environment,Tetracycyline antiobiotic,0 mg/L,Can be used as gland control for all (maintained in sterile water): Captive Experiments (SIO) taken from Wild environment,Yes,Yes,Venomic_1,16S_V4,SanDiego,TCAGGCGCTTA,18S_12641.1.273032.TCAGGCGCTTA.fastq.gz
SUH279,SD_Sum_17_Sterile_Gland_3,United States,California,San Diego,Mission Point,2,High tourist beach/marina with seagrass (Zostera),2017,Summer,,"Whole Gland (Distal Duct, Proximal Duct, Bulb)",3,Captive Experiments (SIO) taken from Wild environment,Tetracycyline antiobiotic,0 mg/L,Can be used as gland control for all (maintained in sterile water): Captive Experiments (SIO) taken from Wild environment,Yes,Yes,Venomic_1,16S_V4,SanDiego,TCATGCGCATC,16S_12608.1.270220.TCATGCGCATC.fastq.gz
SUH280,SD_Sum_17_Sterile_Gland_4,United States,California,San Diego,Mission Point,2,High tourist beach/marina with seagrass (Zostera),2017,Summer,,"Whole Gland (Distal Duct, Proximal Duct, Bulb)",4,Captive Experiments (SIO) taken from Wild environment,Tetracycyline antiobiotic,0 mg/L,Can be used as gland control for all (maintained in sterile water): Captive Experiments (SIO) taken from Wild environment,Yes,Yes,Venomic_1,16S_V4,SanDiego,TCCACAGGAGT,18S_12641.1.273032.TCCACAGGAGT.fastq.gz
SUH281,SD_Sum_17_Sterile_Gland_5,United States,California,San Diego,Mission Point,2,High tourist beach/marina with seagrass (Zostera),2017,Summer,,"Whole Gland (Distal Duct, Proximal Duct, Bulb)",5,Captive Experiments (SIO) taken from Wild environment,Tetracycyline antiobiotic,0 mg/L,Can be used as gland control for all (maintained in sterile water): Captive Experiments (SIO) taken from Wild environment,Yes,Yes,Venomic_1,16S_V4,SanDiego,TCCTAGCAGTG,18S_12641.1.273032.TCCTAGCAGTG.fastq.gz
SUH282,SD_Sum_17_WT_Bulb_1,United States,California,San Diego,Mission Point,2,High tourist beach/marina with seagrass (Zostera),2017,Summer,,Venom Gland: Bulb only,1,Captive Experiments (SIO) taken from Wild environment,Tissue,,,Yes,No,Venomic_1,16S_V4,SanDiego,TCGCATCTGAC,16S_12608.1.270220.TCGCATCTGAC.fastq.gz
SUH283,SD_Sum_17_WT_Bulb_2,United States,California,San Diego,Mission Point,2,High tourist beach/marina with seagrass (Zostera),2017,Summer,,Venom Gland: Bulb only,2,Captive Experiments (SIO) taken from Wild environment,Tissue,,,Yes,No,Venomic_1,16S_V4,SanDiego,TCGCATGAAGT,18S_12641.1.273032.TCGCATGAAGT.fastq.gz
SUH284,SD_Sum_17_WT_Bulb_3,United States,California,San Diego,Mission Point,2,High tourist beach/marina with seagrass (Zostera),2017,Summer,,Venom Gland: Bulb only,3,Captive Experiments (SIO) taken from Wild environment,Tissue,,,Yes,No,Venomic_1,16S_V4,SanDiego,TCGCGCTACTA,16S_12608.1.270220.TCGCGCTACTA.fastq.gz
SUH285,SD_Sum_17_WT_Bulb_4,United States,California,San Diego,Mission Point,2,High tourist beach/marina with seagrass (Zostera),2017,Summer,,Venom Gland: Bulb only,4,Captive Experiments (SIO) taken from Wild environment,Tissue,,,Yes,No,Venomic_1,16S_V4,SanDiego,TCGCTGTAACA,18S_12641.1.273032.TCGCTGTAACA.fastq.gz
SUH286,SD_Sum_17_WT_Bulb_5,United States,California,San Diego,Mission Point,2,High tourist beach/marina with seagrass (Zostera),2017,Summer,,Venom Gland: Bulb only,5,Captive Experiments (SIO) taken from Wild environment,Tissue,,,Yes,No,Venomic_1,16S_V4,SanDiego,TCTAAGGCACG,18S_12641.1.273032.TCTAAGGCACG.fastq.gz
SUH287,SD_Sum_17_WT_Distal_Duct_1,United States,California,San Diego,Mission Point,2,High tourist beach/marina with seagrass (Zostera),2017,Summer,,Venom Gland: Distal Duct only,1,Captive Experiments (SIO) taken from Wild environment,Tissue,,,Yes,No,Venomic_1,16S_V4,SanDiego,TCTACGAGATG,16S_12608.1.270220.TCTACGAGATG.fastq.gz
SUH288,SD_Sum_17_WT_Distal_Duct_2,United States,California,San Diego,Mission Point,2,High tourist beach/marina with seagrass (Zostera),2017,Summer,,Venom Gland: Distal Duct only,2,Captive Experiments (SIO) taken from Wild environment,Tissue,,,Yes,No,Venomic_1,16S_V4,SanDiego,TCTAGCGATGC,16S_12608.1.270220.TCTAGCGATGC.fastq.gz
SUH289,SD_Sum_17_WT_Distal_Duct_3,United States,California,San Diego,Mission Point,2,High tourist beach/marina with seagrass (Zostera),2017,Summer,,Venom Gland: Distal Duct only,3,Captive Experiments (SIO) taken from Wild environment,Tissue,,,Yes,No,Venomic_1,16S_V4,SanDiego,TCTGGAACGCT,18S_12641.1.273032.TCTGGAACGCT.fastq.gz
SUH290,SD_Sum_17_WT_Distal_Duct_4,United States,California,San Diego,Mission Point,2,High tourist beach/marina with seagrass (Zostera),2017,Summer,,Venom Gland: Distal Duct only,4,Captive Experiments (SIO) taken from Wild environment,Tissue,,,Yes,No,Venomic_1,16S_V4,SanDiego,TGAATAGTCCG,18S_12641.1.273032.TGAATAGTCCG.fastq.gz
SUH291,SD_Sum_17_WT_Distal_Duct_5,United States,California,San Diego,Mission Point,2,High tourist beach/marina with seagrass (Zostera),2017,Summer,,Venom Gland: Distal Duct only,5,Captive Experiments (SIO) taken from Wild environment,Tissue,,,Yes,No,Venomic_1,16S_V4,SanDiego,TGACACTGCTG,16S_12608.1.270220.TGACACTGCTG.fastq.gz
SUH292,SD_Sum_17_WT_Gland_1,United States,California,San Diego,Mission Point,2,High tourist beach/marina with seagrass (Zostera),2017,Summer,,"Whole Gland (Distal Duct, Proximal Duct, Bulb)",1,Captive Experiments (SIO) taken from Wild environment,Tissue,,Can be used as gland control for all (maintained in Wild water from environment): Captive Experiments (SIO) taken from Wild environment,Yes,Yes,Venomic_1,16S_V4,SanDiego,TGACAGCTGCA,16S_12608.1.270220.TGACAGCTGCA.fastq.gz
SUH293,SD_Sum_17_WT_Gland_2,United States,California,San Diego,Mission Point,2,High tourist beach/marina with seagrass (Zostera),2017,Summer,,"Whole Gland (Distal Duct, Proximal Duct, Bulb)",2,Captive Experiments (SIO) taken from Wild environment,Tissue,,Can be used as gland control for all (maintained in Wild water from environment): Captive Experiments (SIO) taken from Wild environment,Yes,Yes,Venomic_1,16S_V4,SanDiego,TGCGAACGTAT,18S_12641.1.273032.TGCGAACGTAT.fastq.gz
SUH294,SD_Sum_17_WT_Gland_3,United States,California,San Diego,Mission Point,2,High tourist beach/marina with seagrass (Zostera),2017,Summer,,"Whole Gland (Distal Duct, Proximal Duct, Bulb)",3,Captive Experiments (SIO) taken from Wild environment,Tissue,,Can be used as gland control for all (maintained in Wild water from environment): Captive Experiments (SIO) taken from Wild environment,Yes,Yes,Venomic_1,16S_V4,SanDiego,TGCGCGAATAC,18S_12641.1.273032.TGCGCGAATAC.fastq.gz
SUH295,SD_Sum_17_WT_Gland_4,United States,California,San Diego,Mission Point,2,High tourist beach/marina with seagrass (Zostera),2017,Summer,,"Whole Gland (Distal Duct, Proximal Duct, Bulb)",4,Captive Experiments (SIO) taken from Wild environment,Tissue,,Can be used as gland control for all (maintained in Wild water from environment): Captive Experiments (SIO) taken from Wild environment,Yes,Yes,Venomic_1,16S_V4,SanDiego,TGCTACCATGA,18S_12641.1.273032.TGCTACCATGA.fastq.gz
SUH296,SD_Sum_17_WT_Gland_5,United States,California,San Diego,Mission Point,2,High tourist beach/marina with seagrass (Zostera),2017,Summer,,"Whole Gland (Distal Duct, Proximal Duct, Bulb)",5,Captive Experiments (SIO) taken from Wild environment,Tissue,,Can be used as gland control for all (maintained in Wild water from environment): Captive Experiments (SIO) taken from Wild environment,Yes,Yes,Venomic_1,16S_V4,SanDiego,TGGCACCGATT,18S_12641.1.273032.TGGCACCGATT.fastq.gz
SUH297,SD_Sum_17_WT_Proximal_Duct_1,United States,California,San Diego,Mission Point,2,High tourist beach/marina with seagrass (Zostera),2017,Summer,,Venom Gland: Proximal Duct only,1,Captive Experiments (SIO) taken from Wild environment,Tissue,,,Yes,No,Venomic_1,16S_V4,SanDiego,TGGCTCTACAG,18S_12641.1.273032.TGGCTCTACAG.fastq.gz
SUH298,SD_Sum_17_WT_Proximal_Duct_2,United States,California,San Diego,Mission Point,2,High tourist beach/marina with seagrass (Zostera),2017,Summer,,Venom Gland: Proximal Duct only,2,Captive Experiments (SIO) taken from Wild environment,Tissue,,,Yes,No,Venomic_1,16S_V4,SanDiego,TGTAGCTGACA,16S_12608.1.270220.TGTAGCTGACA.fastq.gz
SUH299,SD_Sum_17_WT_Proximal_Duct_3,United States,California,San Diego,Mission Point,2,High tourist beach/marina with seagrass (Zostera),2017,Summer,,Venom Gland: Proximal Duct only,3,Captive Experiments (SIO) taken from Wild environment,Tissue,,,Yes,No,Venomic_1,16S_V4,SanDiego,TGTCGGCTACA,18S_12641.1.273032.TGTCGGCTACA.fastq.gz
SUH300,SD_Sum_17_WT_Proximal_Duct_4,United States,California,San Diego,Mission Point,2,High tourist beach/marina with seagrass (Zostera),2017,Summer,,Venom Gland: Proximal Duct only,4,Captive Experiments (SIO) taken from Wild environment,Tissue,,,Yes,No,Venomic_1,16S_V4,SanDiego,TGTGACGAGAC,16S_12608.1.270220.TGTGACGAGAC.fastq.gz
SUH301,SD_Sum_17_WT_Proximal_Duct_5,United States,California,San Diego,Mission Point,2,High tourist beach/marina with seagrass (Zostera),2017,Summer,,Venom Gland: Proximal Duct only,5,Captive Experiments (SIO) taken from Wild environment,Tissue,,,Yes,No,Venomic_1,16S_V4,SanDiego,TTAACGGCTGA,18S_12641.1.273032.TTAACGGCTGA.fastq.gz
SUH302,San_Diego_SU_17_Gland_1,United States,California,San Diego,Mission Point,2,High tourist beach/marina with seagrass (Zostera),2017,Summer,,"Whole Gland (Distal Duct, Proximal Duct, Bulb)",1,Flash Frozen on Site,Wild,,,Yes,No,Venomic_1,16S_V4,SanDiego,TTAGCGTCACG,18S_12641.1.273032.TTAGCGTCACG.fastq.gz
SUH303,San_Diego_SU_17_Gland_2,United States,California,San Diego,Mission Point,2,High tourist beach/marina with seagrass (Zostera),2017,Summer,,"Whole Gland (Distal Duct, Proximal Duct, Bulb)",2,Flash Frozen on Site,Wild,,,Yes,No,Venomic_1,16S_V4,SanDiego,TTCAACAGGTG,18S_12641.1.273032.TTCAACAGGTG.fastq.gz
SUH304,San_Diego_SU_17_Gland_3,United States,California,San Diego,Mission Point,2,High tourist beach/marina with seagrass (Zostera),2017,Summer,,"Whole Gland (Distal Duct, Proximal Duct, Bulb)",3,Flash Frozen on Site,Wild,,,Yes,No,Venomic_1,16S_V4,SanDiego,TTCATACGGAC,18S_12641.1.273032.TTCATACGGAC.fastq.gz
SUH305,San_Diego_SU_17_Gland_4,United States,California,San Diego,Mission Point,2,High tourist beach/marina with seagrass (Zostera),2017,Summer,,"Whole Gland (Distal Duct, Proximal Duct, Bulb)",4,Flash Frozen on Site,Wild,,,Yes,No,Venomic_1,16S_V4,SanDiego,TTGAACCAGCT,18S_12641.1.273032.TTGAACCAGCT.fastq.gz
SUH306,San_Diego_SU_17_Gland_5,United States,California,San Diego,Mission Point,2,High tourist beach/marina with seagrass (Zostera),2017,Summer,,"Whole Gland (Distal Duct, Proximal Duct, Bulb)",5,Flash Frozen on Site,Wild,,,Yes,No,Venomic_1,16S_V4,SanDiego,TTGTCGCACAA,18S_12641.1.273032.TTGTCGCACAA.fastq.gz
SUH308,MX_0_5_km_WI_16_3_Gland_2,Mexico,Baja Califonia,Puerto Nuevo,0.5 km site,0,"Intertidal with seagrass (Zostera), close to aquaculture and run-off",2016,Winter,3,"Whole Gland (Distal Duct, Proximal Duct, Bulb)",2,Flash Frozen on Site,Wild,,,Yes,No,Venomic_2,18S,PN_Minor,AACAGGTTCGC,12611.1.270601.AACAGGTTCGC.fastq.gz
SUH309,MX_0_5_km_WI_16_3_Gland_3,Mexico,Baja Califonia,Puerto Nuevo,0.5 km site,0,"Intertidal with seagrass (Zostera), close to aquaculture and run-off",2016,Winter,3,"Whole Gland (Distal Duct, Proximal Duct, Bulb)",3,Flash Frozen on Site,Wild,,,Yes,No,Venomic_2,18S,PN_Minor,AACTGTGCGTA,12611.1.270601.AACTGTGCGTA.fastq.gz
SUH310,MX_0_5_km_WI_16_3_Gland_4,Mexico,Baja Califonia,Puerto Nuevo,0.5 km site,0,"Intertidal with seagrass (Zostera), close to aquaculture and run-off",2016,Winter,3,"Whole Gland (Distal Duct, Proximal Duct, Bulb)",4,Flash Frozen on Site,Wild,,,Yes,No,Venomic_2,18S,PN_Minor,ACACGGTGTCT,12611.1.270601.ACACGGTGTCT.fastq.gz
SUH311,MX_0_5_km_WI_16_3_Gland_5,Mexico,Baja Califonia,Puerto Nuevo,0.5 km site,0,"Intertidal with seagrass (Zostera), close to aquaculture and run-off",2016,Winter,3,"Whole Gland (Distal Duct, Proximal Duct, Bulb)",5,Flash Frozen on Site,Wild,,,Yes,No,Venomic_2,18S,PN_Minor,ACATATACGCG,12606.1.269779.ACATATACGCG.fastq.gz
SUH312,SD_Sum_17_WT_Water_1,United States,California,San Diego,Mission Point,2,High tourist beach/marina with seagrass (Zostera),2017,Summer,,"Seawater, environmental control",1,Flash Frozen on Site,Wild,,,No,No,Venomic_2,18S,SanDiego,ACATCTTGACG,12611.1.270601.ACATCTTGACG.fastq.gz
SUH313,SD_Sum_17_WT_Water_2,United States,California,San Diego,Mission Point,2,High tourist beach/marina with seagrass (Zostera),2017,Summer,,"Seawater, environmental control",2,Flash Frozen on Site,Wild,,,No,No,Venomic_2,18S,SanDiego,ACATGACATCG,12606.1.269779.ACATGACATCG.fastq.gz
SUH314,SD_Sum_17_WT_Water_3,United States,California,San Diego,Mission Point,2,High tourist beach/marina with seagrass (Zostera),2017,Summer,,"Seawater, environmental control",3,Flash Frozen on Site,Wild,,,No,No,Venomic_2,18S,SanDiego,ACGACGTAGAG,12606.1.269779.ACGACGTAGAG.fastq.gz
SUH315,SD_Sum_17_Sterile_Water_1,United States,California,San Diego,,,,2017,Summer,,"Sterilized seawater, experiment control",1,Captive Experiments (SIO) taken from Wild environment,,,,No,No,Venomic_2,18S,Control,ACGATCGCTAG,12606.1.269779.ACGATCGCTAG.fastq.gz
SUH316,SD_Sum_17_Sterile_Water_2,United States,California,San Diego,,,,2017,Summer,,"Sterilized seawater, experiment control",2,Captive Experiments (SIO) taken from Wild environment,,,,No,No,Venomic_2,18S,Control,ACGATGTGCTA,12606.1.269779.ACGATGTGCTA.fastq.gz
SUH317,SD_Sum_17_150mg_L_TC_Water_2,United States,California,San Diego,,,,2017,Summer,,"Sterilized seawater, experiment control",2,Captive Experiments (SIO) taken from Wild environment,Tetracycyline antiobiotic,150 mg/L,,No,No,Venomic_2,18S,Control,ACGCTATCTGG,12611.1.270601.ACGCTATCTGG.fastq.gz
SUH318,SD_Sum_17_150mg_L_TC_Water_3,United States,California,San Diego,,,,2017,Summer,,"Sterilized seawater, experiment control",3,Captive Experiments (SIO) taken from Wild environment,Tetracycyline antiobiotic,150 mg/L,,No,No,Venomic_2,18S,Control,ACGTAGTATCT,12606.1.269779.ACGTAGTATCT.fastq.gz
SUH319,SD_Sum_17_1_atm_Water_1,United States,California,San Diego,,,,2017,Summer,,"Sterilized seawater, experiment control",1,Captive Experiments (SIO) taken from Wild environment,Depth,1 atm (~15 PSI),,No,No,Venomic_2,18S,Control,ACGTCGACTGA,12606.1.269779.ACGTCGACTGA.fastq.gz
SUH320,SD_Sum_17_1_atm_Water_2,United States,California,San Diego,,,,2017,Summer,,"Sterilized seawater, experiment control",2,Captive Experiments (SIO) taken from Wild environment,Depth,1 atm (~15 PSI),,No,No,Venomic_2,18S,Control,ACGTGTGAGCA,12606.1.269779.ACGTGTGAGCA.fastq.gz
SUH321,SD_Sum_17_1_atm_Water_3,United States,California,San Diego,,,,2017,Summer,,"Sterilized seawater, experiment control",3,Captive Experiments (SIO) taken from Wild environment,Depth,1 atm (~15 PSI),,No,No,Venomic_2,18S,Control,ACTCTATGCGA,12606.1.269779.ACTCTATGCGA.fastq.gz
SUH322,SD_Sum_17_100_PSI_Water_1,USA_SanDiego_MissionPoint,California,San Diego,,,,2017,Summer,,"Sterilized seawater, experiment control",1,Captive Experiments (SIO) taken from Wild environment,Depth,100 PSI,,No,No,Venomic_2,18S,Control,ACTGCGACGAG,12606.1.269779.ACTGCGACGAG.fastq.gz
SUH323,SD_Sum_17_100_PSI_Water_2,USA_SanDiego_MissionPoint,California,San Diego,,,,2017,Summer,,"Sterilized seawater, experiment control",2,Captive Experiments (SIO) taken from Wild environment,Depth,100 PSI,,No,No,Venomic_2,18S,Control,ACTGTACGCGT,12611.1.270601.ACTGTACGCGT.fastq.gz
SUH324,SD_Sum_17_100_PSI_Water_3,USA_SanDiego_MissionPoint,California,San Diego,,,,2017,Summer,,"Sterilized seawater, experiment control",3,Captive Experiments (SIO) taken from Wild environment,Depth,100 PSI,,No,No,Venomic_2,18S,Control,ACTGTCGAAGC,12611.1.270601.ACTGTCGAAGC.fastq.gz
SUH325,SD_Sum_17_300_PSI_Water_1,USA_SanDiego_MissionPoint,California,San Diego,,,,2017,Summer,,"Sterilized seawater, experiment control",1,Captive Experiments (SIO) taken from Wild environment,Depth,300 PSI,,No,No,Venomic_2,18S,Control,AGAGCATATCT,12606.1.269779.AGAGCATATCT.fastq.gz
SUH326,SD_Sum_17_300_PSI_Water_2,USA_SanDiego_MissionPoint,California,San Diego,,,,2017,Summer,,"Sterilized seawater, experiment control",2,Captive Experiments (SIO) taken from Wild environment,Depth,300 PSI,,No,No,Venomic_2,18S,Control,AGATCGCTGTG,12606.1.269779.AGATCGCTGTG.fastq.gz
SUH327,SD_Sum_17_300_PSI_Water_3,USA_SanDiego_MissionPoint,California,San Diego,,,,2017,Summer,,"Sterilized seawater, experiment control",3,Captive Experiments (SIO) taken from Wild environment,Depth,300 PSI,,No,No,Venomic_2,18S,Control,AGATGTAGCTC,12606.1.269779.AGATGTAGCTC.fastq.gz
SUH328,SD_Sum_17_Prey__10min_Water_1,USA_SanDiego_MissionPoint,California,San Diego,,,,2017,Summer,,"Sterilized seawater, experiment control",1,Captive Experiments (SIO) taken from Wild environment,Prey Exposure,10 min,,No,No,Venomic_2,18S,Control,AGCACGATCTA,12606.1.269779.AGCACGATCTA.fastq.gz
SUH329,SD_Sum_17_Prey__10min_Water_2,USA_SanDiego_MissionPoint,California,San Diego,,,,2017,Summer,,"Sterilized seawater, experiment control",2,Captive Experiments (SIO) taken from Wild environment,Prey Exposure,10 min,,No,No,Venomic_2,18S,Control,AGCGATATCTG,12606.1.269779.AGCGATATCTG.fastq.gz
SUH330,SD_Sum_17_Prey__10min_Water_3,USA_SanDiego_MissionPoint,California,San Diego,,,,2017,Summer,,"Sterilized seawater, experiment control",3a,Captive Experiments (SIO) taken from Wild environment,Prey Exposure,10 min,"Internal control for relative abundance: 3a and 3b should be the same, if not correct/calibrate",No,No,Venomic_2,18S,Control,AGCGATGCCTT,12611.1.270601.AGCGATGCCTT.fastq.gz
SUH331,SD_Sum_17_Prey__10min_Water_3_2,USA_SanDiego_MissionPoint,California,San Diego,,,,2017,Summer,,"Sterilized seawater, experiment control",3b,Captive Experiments (SIO) taken from Wild environment,Prey Exposure,10 min,"Internal control for relative abundance: 3a and 3b should be the same, if not correct/calibrate",No,No,Venomic_2,18S,Control,AGCGATGCTCA,12606.1.269779.AGCGATGCTCA.fastq.gz
SUH332,Monterey_SU_17_Water_1,United States,California,Monterey,Del Monte Beach,10,Sandy beach with seagrass (Zostera),2017,Summer,,"Seawater, environmental control",1,Flash Frozen on Site,Wild,,,No,No,Venomic_2,18S,MB,AGCGTGTCCAA,12611.1.270601.AGCGTGTCCAA.fastq.gz
SUH333,Monterey_SU_17_Water_2,United States,California,Monterey,Del Monte Beach,10,Sandy beach with seagrass (Zostera),2017,Summer,,"Seawater, environmental control",2,Flash Frozen on Site,Wild,,,No,No,Venomic_2,18S,MB,AGGCGACCTTA,12611.1.270601.AGGCGACCTTA.fastq.gz
SUH334,Monterey_SU_17_Water_3,United States,California,Monterey,Del Monte Beach,10,Sandy beach with seagrass (Zostera),2017,Summer,,"Seawater, environmental control",3,Flash Frozen on Site,Wild,,,No,No,Venomic_2,18S,MB,AGTCGCATCGT,12606.1.269779.AGTCGCATCGT.fastq.gz
SUH335,MX_0_5_km_SU_17_Water_1,Mexico,Baja Califonia,Puerto Nuevo,0.5 km site,0,"Intertidal with seagrass (Zostera), close to aquaculture and run-off",2017,Summer,,"Seawater, environmental control",1,Flash Frozen on Site,Wild,,,No,No,Venomic_2,18S,PN_Minor,AGTCTACTGCG,12606.1.269779.AGTCTACTGCG.fastq.gz
SUH336,MX_0_5_km_SU_17_Water_2,Mexico,Baja Califonia,Puerto Nuevo,0.5 km site,0,"Intertidal with seagrass (Zostera), close to aquaculture and run-off",2017,Summer,,"Seawater, environmental control",2,Flash Frozen on Site,Wild,,,No,No,Venomic_2,18S,PN_Minor,ATACTTCGCAG,12611.1.270601.ATACTTCGCAG.fastq.gz
SUH337,MX_0_5_km_SU_17_Water_3,Mexico,Baja Califonia,Puerto Nuevo,0.5 km site,0,"Intertidal with seagrass (Zostera), close to aquaculture and run-off",2017,Summer,,"Seawater, environmental control",3,Flash Frozen on Site,Wild,,,No,No,Venomic_2,18S,PN_Minor,ATCAGTGTCAC,12606.1.269779.ATCAGTGTCAC.fastq.gz
SUH338,MX_0_5_km_SU_16_Water_1,Mexico,Baja Califonia,Puerto Nuevo,0.5 km site,0,"Intertidal with seagrass (Zostera), close to aquaculture and run-off",2016,Summer,,"Seawater, environmental control",1,Flash Frozen on Site,Wild,,,No,No,Venomic_2,18S,PN_Minor,ATCATGTCAGT,12606.1.269779.ATCATGTCAGT.fastq.gz
SUH339,MX_0_5_km_SU_16_Water_2,Mexico,Baja Califonia,Puerto Nuevo,0.5 km site,0,"Intertidal with seagrass (Zostera), close to aquaculture and run-off",2016,Summer,,"Seawater, environmental control",2,Flash Frozen on Site,Wild,,,No,No,Venomic_2,18S,PN_Minor,ATCGGCGTTAC,12611.1.270601.ATCGGCGTTAC.fastq.gz
SUH340,MX_0_5_km_SU_16_Water_3,Mexico,Baja Califonia,Puerto Nuevo,0.5 km site,0,"Intertidal with seagrass (Zostera), close to aquaculture and run-off",2016,Summer,,"Seawater, environmental control",3,Flash Frozen on Site,Wild,,,No,No,Venomic_2,18S,PN_Minor,ATCTCAGCAGT,12606.1.269779.ATCTCAGCAGT.fastq.gz
SUH341,MX_0_km_SU_17_Water_1,Mexico,Baja Califonia,Puerto Nuevo,0.0 km site,0,"Intertidal with seagrass (Zostera), close to aquaculture and run-off",2017,Summer,,"Seawater, environmental control",1,Flash Frozen on Site,Wild,,,No,No,Venomic_2,18S,PN_Sheltered,ATGACCATCGT,12611.1.270601.ATGACCATCGT.fastq.gz
SUH342,MX_0_km_SU_17_Water_2,Mexico,Baja Califonia,Puerto Nuevo,0.0 km site,0,"Intertidal with seagrass (Zostera), close to aquaculture and run-off",2017,Summer,,"Seawater, environmental control",2,Flash Frozen on Site,Wild,,,No,No,Venomic_2,18S,PN_Sheltered,ATGCGAGTATC,12611.1.270601.ATGCGAGTATC.fastq.gz
SUH343,MX_0_km_SU_17_Water_3,Mexico,Baja Califonia,Puerto Nuevo,0.0 km site,0,"Intertidal with seagrass (Zostera), close to aquaculture and run-off",2017,Summer,,"Seawater, environmental control",3,Flash Frozen on Site,Wild,,,No,No,Venomic_2,18S,PN_Sheltered,ATGGCAGCTCT,12611.1.270601.ATGGCAGCTCT.fastq.gz
SUH344,MX_1_5_km_SU_17_Water_1,Mexico,Baja Califonia,Puerto Nuevo,1.5 km site,0,"Intertidal with seagrass (Zostera), close to aquaculture and run-off",2017,Summer,,"Seawater, environmental control",1,Flash Frozen on Site,Wild,,,No,No,Venomic_2,18S,PN_Major,ATGTAGTGCGC,12606.1.269779.ATGTAGTGCGC.fastq.gz
SUH345,MX_1_5_km_SU_17_Water_2,Mexico,Baja Califonia,Puerto Nuevo,1.5 km site,0,"Intertidal with seagrass (Zostera), close to aquaculture and run-off",2017,Summer,,"Seawater, environmental control",2,Flash Frozen on Site,Wild,,,No,No,Venomic_2,18S,PN_Major,ATTCATGGACG,12611.1.270601.ATTCATGGACG.fastq.gz
SUH346,MX_1_5_km_SU_17_Water_3,Mexico,Baja Califonia,Puerto Nuevo,1.5 km site,0,"Intertidal with seagrass (Zostera), close to aquaculture and run-off",2017,Summer,,"Seawater, environmental control",3,Flash Frozen on Site,Wild,,,No,No,Venomic_2,18S,PN_Major,CAATTGTGCAC,12611.1.270601.CAATTGTGCAC.fastq.gz
SUH347,MX_0_5_km_WI_16_1_Water_1,Mexico,Baja Califonia,Puerto Nuevo,0.5 km site,0,"Intertidal with seagrass (Zostera), close to aquaculture and run-off",2016,Winter,1,"Seawater, environmental control",1,Flash Frozen on Site,Wild,,,No,No,Venomic_2,18S,PN_Minor,CACGTGACATG,12611.1.270601.CACGTGACATG.fastq.gz
SUH348,MX_0_5_km_WI_16_1_Water_2,Mexico,Baja Califonia,Puerto Nuevo,0.5 km site,0,"Intertidal with seagrass (Zostera), close to aquaculture and run-off",2016,Winter,1,"Seawater, environmental control",2,Flash Frozen on Site,Wild,,,No,No,Venomic_2,18S,PN_Minor,CACTGTATAGA,12606.1.269779.CACTGTATAGA.fastq.gz
SUH349,MX_0_5_km_WI_16_1_Water_3,Mexico,Baja Califonia,Puerto Nuevo,0.5 km site,0,"Intertidal with seagrass (Zostera), close to aquaculture and run-off",2016,Winter,1,"Seawater, environmental control",3,Flash Frozen on Site,Wild,,,No,No,Venomic_2,18S,PN_Minor,CAGACATTGCG,12611.1.270601.CAGACATTGCG.fastq.gz
SUH350,MX_0_5_km_WI_16_2_Water_1,Mexico,Baja Califonia,Puerto Nuevo,0.5 km site,0,"Intertidal with seagrass (Zostera), close to aquaculture and run-off",2016,Winter,2,"Seawater, environmental control",1,Flash Frozen on Site,Wild,,,No,No,Venomic_2,18S,PN_Minor,CAGATCTGACA,12606.1.269779.CAGATCTGACA.fastq.gz
SUH351,MX_0_5_km_WI_16_2_Water_2,Mexico,Baja Califonia,Puerto Nuevo,0.5 km site,0,"Intertidal with seagrass (Zostera), close to aquaculture and run-off",2016,Winter,2,"Seawater, environmental control",2,Flash Frozen on Site,Wild,,,No,No,Venomic_2,18S,PN_Minor,CAGATGCGAGC,12606.1.269779.CAGATGCGAGC.fastq.gz
SUH352,MX_0_5_km_WI_16_2_Water_3,Mexico,Baja Califonia,Puerto Nuevo,0.5 km site,0,"Intertidal with seagrass (Zostera), close to aquaculture and run-off",2016,Winter,2,"Seawater, environmental control",3,Flash Frozen on Site,Wild,,,No,No,Venomic_2,18S,PN_Minor,CAGCTTACTAG,12611.1.270601.CAGCTTACTAG.fastq.gz
SUH353,MX_0_5_km_WI_16_3_Water_1,Mexico,Baja Califonia,Puerto Nuevo,0.5 km site,0,"Intertidal with seagrass (Zostera), close to aquaculture and run-off",2016,Winter,3,"Seawater, environmental control",1,Flash Frozen on Site,Wild,,,No,No,Venomic_2,18S,PN_Minor,CAGTCTGATGC,12606.1.269779.CAGTCTGATGC.fastq.gz
SUH354,MX_0_5_km_WI_16_3_Water_2,Mexico,Baja Califonia,Puerto Nuevo,0.5 km site,0,"Intertidal with seagrass (Zostera), close to aquaculture and run-off",2016,Winter,3,"Seawater, environmental control",2,Flash Frozen on Site,Wild,,,No,No,Venomic_2,18S,PN_Minor,CAGTGATCCTA,12611.1.270601.CAGTGATCCTA.fastq.gz
SUH355,MX_0_5_km_WI_16_3_Water_3,Mexico,Baja Califonia,Puerto Nuevo,0.5 km site,0,"Intertidal with seagrass (Zostera), close to aquaculture and run-off",2016,Winter,3,"Seawater, environmental control",3,Flash Frozen on Site,Wild,,,No,No,Venomic_2,18S,PN_Minor,CATCACTGTAG,12606.1.269779.CATCACTGTAG.fastq.gz
SUH365,SD_Sum_17_WT_Shell_1,United States,California,San Diego,Mission Point,2,High tourist beach/marina with seagrass (Zostera),2017,Summer,,Shell,1,Captive Experiments (SIO) taken from Wild environment,Tissue,,,No,No,Venomic_2,18S,SanDiego,CATCAGCGTGT,12611.1.270601.CATCAGCGTGT.fastq.gz
SUH366,SD_Sum_17_WT_Shell_2,United States,California,San Diego,Mission Point,2,High tourist beach/marina with seagrass (Zostera),2017,Summer,,Shell,2,Captive Experiments (SIO) taken from Wild environment,Tissue,,,No,No,Venomic_2,18S,SanDiego,CATCATGAGGC,12611.1.270601.CATCATGAGGC.fastq.gz
SUH367,SD_Sum_17_WT_Shell_3,United States,California,San Diego,Mission Point,2,High tourist beach/marina with seagrass (Zostera),2017,Summer,,Shell,3,Captive Experiments (SIO) taken from Wild environment,Tissue,,,No,No,Venomic_2,18S,SanDiego,CATGAGAGACG,12606.1.269779.CATGAGAGACG.fastq.gz
SUH368,SD_Sum_17_WT_Shell_4,United States,California,San Diego,Mission Point,2,High tourist beach/marina with seagrass (Zostera),2017,Summer,,Shell,4,Captive Experiments (SIO) taken from Wild environment,Tissue,,,No,No,Venomic_2,18S,SanDiego,CATGAGTGCTA,12611.1.270601.CATGAGTGCTA.fastq.gz
SUH371,SD_Sum_17_WT_Gut_2,United States,California,San Diego,Mission Point,2,High tourist beach/marina with seagrass (Zostera),2017,Summer,,Gut,2,Captive Experiments (SIO) taken from Wild environment,Tissue,,,No,No,Venomic_2,18S,SanDiego,CCAGATGATCG,12611.1.270601.CCAGATGATCG.fastq.gz
SUH372,SD_Sum_17_WT_Gut_3,United States,California,San Diego,Mission Point,2,High tourist beach/marina with seagrass (Zostera),2017,Summer,,Gut,3,Captive Experiments (SIO) taken from Wild environment,Tissue,,,No,No,Venomic_2,18S,SanDiego,CCAGTGTATGC,12611.1.270601.CCAGTGTATGC.fastq.gz
SUH374,SD_Sum_17_WT_Gut_5,United States,California,San Diego,Mission Point,2,High tourist beach/marina with seagrass (Zostera),2017,Summer,,Gut,5,Captive Experiments (SIO) taken from Wild environment,Tissue,,,No,No,Venomic_2,18S,SanDiego,CCTGGATATAG,12611.1.270601.CCTGGATATAG.fastq.gz
SUH375,SD_Sum_17_WT_Radula_Sac_1,United States,California,San Diego,Mission Point,2,High tourist beach/marina with seagrass (Zostera),2017,Summer,,Radula Sac,1,Captive Experiments (SIO) taken from Wild environment,Tissue,,,No,No,Venomic_2,18S,SanDiego,CGACTAGCTCA,12606.1.269779.CGACTAGCTCA.fastq.gz
SUH376,SD_Sum_17_WT_Radula_Sac_2,United States,California,San Diego,Mission Point,2,High tourist beach/marina with seagrass (Zostera),2017,Summer,,Radula Sac,2,Captive Experiments (SIO) taken from Wild environment,Tissue,,,No,No,Venomic_2,18S,SanDiego,CGAGACTAGAG,12606.1.269779.CGAGACTAGAG.fastq.gz
SUH377,SD_Sum_17_WT_Radula_Sac_3,United States,California,San Diego,Mission Point,2,High tourist beach/marina with seagrass (Zostera),2017,Summer,,Radula Sac,3,Captive Experiments (SIO) taken from Wild environment,Tissue,,,No,No,Venomic_2,18S,SanDiego,CGATATCGATC,12606.1.269779.CGATATCGATC.fastq.gz
SUH378,SD_Sum_17_WT_Radula_Sac_4,United States,California,San Diego,Mission Point,2,High tourist beach/marina with seagrass (Zostera),2017,Summer,,Radula Sac,4,Captive Experiments (SIO) taken from Wild environment,Tissue,,,No,No,Venomic_2,18S,SanDiego,CGATGAGCGTC,12606.1.269779.CGATGAGCGTC.fastq.gz
SUH379,SD_Sum_17_WT_Radula_Sac_5,United States,California,San Diego,Mission Point,2,High tourist beach/marina with seagrass (Zostera),2017,Summer,,Radula Sac,5,Captive Experiments (SIO) taken from Wild environment,Tissue,,,No,No,Venomic_2,18S,SanDiego,CGATGTCGTCA,12611.1.270601.CGATGTCGTCA.fastq.gz
SUH380,SD_Sum_17_WT_Egg_1,United States,California,San Diego,Mission Point,2,High tourist beach/marina with seagrass (Zostera),2017,Summer,,Eggs (found within the body during dissection),1,Captive Experiments (SIO) taken from Wild environment,Life Stage,,,No,No,Venomic_2,18S,SanDiego,CGCACATCAGA,12606.1.269779.CGCACATCAGA.fastq.gz
SUH381,SD_Sum_17_WT_Egg_2,United States,California,San Diego,Mission Point,2,High tourist beach/marina with seagrass (Zostera),2017,Summer,,Eggs (found within the body during dissection),2,Captive Experiments (SIO) taken from Wild environment,Life Stage,,,No,No,Venomic_2,18S,SanDiego,CGCATGATCAG,12606.1.269779.CGCATGATCAG.fastq.gz
SUH382,SD_Sum_17_WT_Egg_Laid_3,United States,California,San Diego,Mission Point,2,High tourist beach/marina with seagrass (Zostera),2017,Summer,,Eggs: Externally laid and sampled,3,Captive Experiments (SIO) taken from Wild environment,Life Stage,,,No,No,Venomic_2,18S,SanDiego,CGCGCAGTGTA,12606.1.269779.CGCGCAGTGTA.fastq.gz
SUH383,SD_Sum_17_WT_Egg_Laid_4,United States,California,San Diego,Mission Point,2,High tourist beach/marina with seagrass (Zostera),2017,Summer,,Eggs: Externally laid and sampled,4,Captive Experiments (SIO) taken from Wild environment,Life Stage,,,No,No,Venomic_2,18S,SanDiego,CGGACGTTCAT,12611.1.270601.CGGACGTTCAT.fastq.gz
SUH384,SD_Sum_17_WT_Larva_1_6_9_17,United States,California,San Diego,Mission Point,2,High tourist beach/marina with seagrass (Zostera),2017,Summer,,Larva: Collected Jun 9 2017,1,Captive Experiments (SIO) taken from Wild environment,Life Stage,,,No,No,Venomic_2,18S,SanDiego,CGTAGATGTCG,12606.1.269779.CGTAGATGTCG.fastq.gz
SUH385,LA_Sum_17_WT_Egg_Laid_1_San_Onfore_6_22_17,United States,California,San Onfore,,0,Pristine State Park with seagrass (Zostera),2017,Summer,,Eggs: Externally laid Jun 22 2017,1,Flash Frozen on Site,Life Stage,,,No,No,Venomic_2,18S,LA,CTACAATGTCG,12611.1.270601.CTACAATGTCG.fastq.gz
SUH386,MB_Sum_17_WT_Egg_Laid_1,United States,California,Monterey,Del Monte Beach,10,Sandy beach with seagrass (Zostera),2017,Summer,,Eggs: Externally laid and sampled,1,Flash Frozen on Site,Life Stage,,,No,No,Venomic_2,18S,MB,CTACATGAGTG,12606.1.269779.CTACATGAGTG.fastq.gz
SUH387,MB_Sum_17_WT_Egg_Laid_2,United States,California,Monterey,Del Monte Beach,10,Sandy beach with seagrass (Zostera),2017,Summer,,Eggs: Externally laid and sampled,2,Flash Frozen on Site,Life Stage,,,No,No,Venomic_2,18S,MB,CTAGACTGATG,12606.1.269779.CTAGACTGATG.fastq.gz
SUH388,MX_0_5_km_SU_16_Sediment_1,Mexico,Baja Califonia,Puerto Nuevo,0.5 km site,0,"Intertidal with seagrass (Zostera), close to aquaculture and run-off",2016,Summer,,"Sediment, environmental control",1,Flash Frozen on Site,Wild,,,No,No,Venomic_2,18S,PN_Minor,CTAGCTCAGCG,12606.1.269779.CTAGCTCAGCG.fastq.gz
SUH389,MX_0_5_km_SU_16_Sediment_2,Mexico,Baja Califonia,Puerto Nuevo,0.5 km site,0,"Intertidal with seagrass (Zostera), close to aquaculture and run-off",2016,Summer,,"Sediment, environmental control",2,Flash Frozen on Site,Wild,,,No,No,Venomic_2,18S,PN_Minor,CTAGTCAGCTG,12611.1.270601.CTAGTCAGCTG.fastq.gz
SUH390,MX_0_5_km_SU_16_Sediment_3,Mexico,Baja Califonia,Puerto Nuevo,0.5 km site,0,"Intertidal with seagrass (Zostera), close to aquaculture and run-off",2016,Summer,,"Sediment, environmental control",3,Flash Frozen on Site,Wild,,,No,No,Venomic_2,18S,PN_Minor,CTAGTCGACGA,12606.1.269779.CTAGTCGACGA.fastq.gz
SUH391,High_venom__triplicate_10_b,Mexico,Baja Califonia,Puerto Nuevo,,0,"Intertidal with seagrass (Zostera), close to aquaculture and run-off",2016,Summer,,Venom control: Whole glands pooled and extracted,b,Flash Frozen on Site,Wild,,,No,No,Venomic_2,18S,Control,CTCAGTATGCA,12611.1.270601.CTCAGTATGCA.fastq.gz
SUH392,High_venom__triplicate_10_c,Mexico,Baja Califonia,Puerto Nuevo,,0,"Intertidal with seagrass (Zostera), close to aquaculture and run-off",2016,Summer,,Venom control: Whole glands pooled and extracted,c,Flash Frozen on Site,Wild,,,No,No,Venomic_2,18S,Control,CTCTAAGCATG,12611.1.270601.CTCTAAGCATG.fastq.gz
SUH393,High_water__triplicate_98_b,Mexico,Baja Califonia,Puerto Nuevo,,0,"Intertidal with seagrass (Zostera), close to aquaculture and run-off",2016,Summer,,Seawater environmental control: Multiple seawater samples pooled and extracted,b,Flash Frozen on Site,Wild,,,No,No,Venomic_2,18S,Control,CTGACTACTCT,12606.1.269779.CTGACTACTCT.fastq.gz
SUH394,High_water__triplicate_98_c,Mexico,Baja Califonia,Puerto Nuevo,,0,"Intertidal with seagrass (Zostera), close to aquaculture and run-off",2016,Summer,,Seawater environmental control: Multiple seawater samples pooled and extracted,c,Flash Frozen on Site,Wild,,,No,No,Venomic_2,18S,Control,CTGTCATGAGT,12606.1.269779.CTGTCATGAGT.fastq.gz
SUH396,MX_0_5_km_WI_16_3_Gland_2,Mexico,Baja Califonia,Puerto Nuevo,0.5 km site,0,"Intertidal with seagrass (Zostera), close to aquaculture and run-off",2016,Winter,3,"Whole Gland (Distal Duct, Proximal Duct, Bulb)",2,Flash Frozen on Site,Wild,,,Yes,No,Venomic_2,16S_V4,PN_Minor,CTTCTAAGGAG,12611.1.270601.CTTCTAAGGAG.fastq.gz
SUH397,MX_0_5_km_WI_16_3_Gland_3,Mexico,Baja Califonia,Puerto Nuevo,0.5 km site,0,"Intertidal with seagrass (Zostera), close to aquaculture and run-off",2016,Winter,3,"Whole Gland (Distal Duct, Proximal Duct, Bulb)",3,Flash Frozen on Site,Wild,,,Yes,No,Venomic_2,16S_V4,PN_Minor,CTTGCTGAAGA,12611.1.270601.CTTGCTGAAGA.fastq.gz
SUH398,MX_0_5_km_WI_16_3_Gland_4,Mexico,Baja Califonia,Puerto Nuevo,0.5 km site,0,"Intertidal with seagrass (Zostera), close to aquaculture and run-off",2016,Winter,3,"Whole Gland (Distal Duct, Proximal Duct, Bulb)",4,Flash Frozen on Site,Wild,,,Yes,No,Venomic_2,16S_V4,PN_Minor,CTTGTAGGACC,12611.1.270601.CTTGTAGGACC.fastq.gz
SUH399,MX_0_5_km_WI_16_3_Gland_5,Mexico,Baja Califonia,Puerto Nuevo,0.5 km site,0,"Intertidal with seagrass (Zostera), close to aquaculture and run-off",2016,Winter,3,"Whole Gland (Distal Duct, Proximal Duct, Bulb)",5,Flash Frozen on Site,Wild,,,Yes,No,Venomic_2,16S_V4,PN_Minor,GAACACTTCTG,12611.1.270601.GAACACTTCTG.fastq.gz
SUH400,SD_Sum_17_WT_Water_1,United States,California,San Diego,Mission Point,2,High tourist beach/marina with seagrass (Zostera),2017,Summer,,"Seawater, environmental control",1,Flash Frozen on Site,Wild,,,No,No,Venomic_2,16S_V4,SanDiego,GAAGTCTCGCA,12611.1.270601.GAAGTCTCGCA.fastq.gz
SUH401,SD_Sum_17_WT_Water_2,United States,California,San Diego,Mission Point,2,High tourist beach/marina with seagrass (Zostera),2017,Summer,,"Seawater, environmental control",2,Flash Frozen on Site,Wild,,,No,No,Venomic_2,16S_V4,SanDiego,GAATCTTCGAG,12611.1.270601.GAATCTTCGAG.fastq.gz
SUH402,SD_Sum_17_WT_Water_3,United States,California,San Diego,Mission Point,2,High tourist beach/marina with seagrass (Zostera),2017,Summer,,"Seawater, environmental control",3,Flash Frozen on Site,Wild,,,No,No,Venomic_2,16S_V4,SanDiego,GACGACGCATC,12606.1.269779.GACGACGCATC.fastq.gz
SUH403,SD_Sum_17_Sterile_Water_1,United States,California,San Diego,,,,2017,Summer,,"Sterilized seawater, experiment control",1,Captive Experiments (SIO) taken from Wild environment,,,,No,No,Venomic_2,16S_V4,Control,GACGATGACAC,12606.1.269779.GACGATGACAC.fastq.gz
SUH404,SD_Sum_17_Sterile_Water_2,United States,California,San Diego,,,,2017,Summer,,"Sterilized seawater, experiment control",2,Captive Experiments (SIO) taken from Wild environment,,,,No,No,Venomic_2,16S_V4,Control,GACGCTAGTTC,12611.1.270601.GACGCTAGTTC.fastq.gz
SUH405,SD_Sum_17_150mg_L_TC_Water_2,United States,California,San Diego,,,,2017,Summer,,"Sterilized seawater, experiment control",2,Captive Experiments (SIO) taken from Wild environment,Tetracycyline antiobiotic,150 mg/L,,No,No,Venomic_2,16S_V4,Control,GACTAGTGCTG,12606.1.269779.GACTAGTGCTG.fastq.gz
SUH406,SD_Sum_17_150mg_L_TC_Water_3,United States,California,San Diego,,,,2017,Summer,,"Sterilized seawater, experiment control",3,Captive Experiments (SIO) taken from Wild environment,Tetracycyline antiobiotic,150 mg/L,,No,No,Venomic_2,16S_V4,Control,GACTTATAGGC,12611.1.270601.GACTTATAGGC.fastq.gz
SUH407,SD_Sum_17_1_atm_Water_1,United States,California,San Diego,,,,2017,Summer,,"Sterilized seawater, experiment control",1,Captive Experiments (SIO) taken from Wild environment,Depth,1 atm (~15 PSI),,No,No,Venomic_2,16S_V4,Control,GAGTAGATCAC,12606.1.269779.GAGTAGATCAC.fastq.gz
SUH408,SD_Sum_17_1_atm_Water_2,United States,California,San Diego,,,,2017,Summer,,"Sterilized seawater, experiment control",2,Captive Experiments (SIO) taken from Wild environment,Depth,1 atm (~15 PSI),,No,No,Venomic_2,16S_V4,Control,GAGTTCCATAG,12611.1.270601.GAGTTCCATAG.fastq.gz
SUH409,SD_Sum_17_1_atm_Water_3,United States,California,San Diego,,,,2017,Summer,,"Sterilized seawater, experiment control",3,Captive Experiments (SIO) taken from Wild environment,Depth,1 atm (~15 PSI),,No,No,Venomic_2,16S_V4,Control,GATACGTCCTG,12611.1.270601.GATACGTCCTG.fastq.gz
SUH410,SD_Sum_17_100_PSI_Water_1,USA_SanDiego_MissionPoint,California,San Diego,,,,2017,Summer,,"Sterilized seawater, experiment control",1,Captive Experiments (SIO) taken from Wild environment,Depth,100 PSI,,No,No,Venomic_2,16S_V4,Control,GATAGTGCCAC,12611.1.270601.GATAGTGCCAC.fastq.gz
SUH411,SD_Sum_17_100_PSI_Water_2,USA_SanDiego_MissionPoint,California,San Diego,,,,2017,Summer,,"Sterilized seawater, experiment control",2,Captive Experiments (SIO) taken from Wild environment,Depth,100 PSI,,No,No,Venomic_2,16S_V4,Control,GATATCGATCA,12606.1.269779.GATATCGATCA.fastq.gz
SUH412,SD_Sum_17_100_PSI_Water_3,USA_SanDiego_MissionPoint,California,San Diego,,,,2017,Summer,,"Sterilized seawater, experiment control",3,Captive Experiments (SIO) taken from Wild environment,Depth,100 PSI,,No,No,Venomic_2,16S_V4,Control,GATATGACGCG,12606.1.269779.GATATGACGCG.fastq.gz
SUH413,SD_Sum_17_300_PSI_Water_1,USA_SanDiego_MissionPoint,California,San Diego,,,,2017,Summer,,"Sterilized seawater, experiment control",1,Captive Experiments (SIO) taken from Wild environment,Depth,300 PSI,,No,No,Venomic_2,16S_V4,Control,GATCAGTACAG,12606.1.269779.GATCAGTACAG.fastq.gz
SUH414,SD_Sum_17_300_PSI_Water_2,USA_SanDiego_MissionPoint,California,San Diego,,,,2017,Summer,,"Sterilized seawater, experiment control",2,Captive Experiments (SIO) taken from Wild environment,Depth,300 PSI,,No,No,Venomic_2,16S_V4,Control,GCACGTATAGC,12606.1.269779.GCACGTATAGC.fastq.gz
SUH415,SD_Sum_17_300_PSI_Water_3,USA_SanDiego_MissionPoint,California,San Diego,,,,2017,Summer,,"Sterilized seawater, experiment control",3,Captive Experiments (SIO) taken from Wild environment,Depth,300 PSI,,No,No,Venomic_2,16S_V4,Control,GCACGTTCTAA,12611.1.270601.GCACGTTCTAA.fastq.gz
SUH416,SD_Sum_17_Prey__10min_Water_1,USA_SanDiego_MissionPoint,California,San Diego,,,,2017,Summer,,"Sterilized seawater, experiment control",1,Captive Experiments (SIO) taken from Wild environment,Prey Exposure,10 min,,No,No,Venomic_2,16S_V4,Control,GCATATCAGAG,12606.1.269779.GCATATCAGAG.fastq.gz
SUH417,SD_Sum_17_Prey__10min_Water_2,USA_SanDiego_MissionPoint,California,San Diego,,,,2017,Summer,,"Sterilized seawater, experiment control",2,Captive Experiments (SIO) taken from Wild environment,Prey Exposure,10 min,,No,No,Venomic_2,16S_V4,Control,GCATGGCTCTA,12611.1.270601.GCATGGCTCTA.fastq.gz
SUH418,SD_Sum_17_Prey__10min_Water_3,USA_SanDiego_MissionPoint,California,San Diego,,,,2017,Summer,,"Sterilized seawater, experiment control",3a,Captive Experiments (SIO) taken from Wild environment,Prey Exposure,10 min,"Internal control for relative abundance: 3a and 3b should be the same, if not correct/calibrate",No,No,Venomic_2,16S_V4,Control,GCCTTAAGCGA,12611.1.270601.GCCTTAAGCGA.fastq.gz
SUH419,SD_Sum_17_Prey__10min_Water_3_2,USA_SanDiego_MissionPoint,California,San Diego,,,,2017,Summer,,"Sterilized seawater, experiment control",3b,Captive Experiments (SIO) taken from Wild environment,Prey Exposure,10 min,"Internal control for relative abundance: 3a and 3b should be the same, if not correct/calibrate",No,No,Venomic_2,16S_V4,Control,GCGATGTCATC,12606.1.269779.GCGATGTCATC.fastq.gz
SUH420,Monterey_SU_17_Water_1,United States,California,Monterey,Del Monte Beach,10,Sandy beach with seagrass (Zostera),2017,Summer,,"Seawater, environmental control",1,Flash Frozen on Site,Wild,,,No,No,Venomic_2,16S_V4,MB,GCTACTCTGAG,12606.1.269779.GCTACTCTGAG.fastq.gz
SUH421,Monterey_SU_17_Water_2,United States,California,Monterey,Del Monte Beach,10,Sandy beach with seagrass (Zostera),2017,Summer,,"Seawater, environmental control",2,Flash Frozen on Site,Wild,,,No,No,Venomic_2,16S_V4,MB,GCTCACAGCTA,12606.1.269779.GCTCACAGCTA.fastq.gz
SUH422,Monterey_SU_17_Water_3,United States,California,Monterey,Del Monte Beach,10,Sandy beach with seagrass (Zostera),2017,Summer,,"Seawater, environmental control",3,Flash Frozen on Site,Wild,,,No,No,Venomic_2,16S_V4,MB,GCTCATGTAGT,12606.1.269779.GCTCATGTAGT.fastq.gz
SUH423,MX_0_5_km_SU_17_Water_1,Mexico,Baja Califonia,Puerto Nuevo,0.5 km site,0,"Intertidal with seagrass (Zostera), close to aquaculture and run-off",2017,Summer,,"Seawater, environmental control",1,Flash Frozen on Site,Wild,,,No,No,Venomic_2,16S_V4,PN_Minor,GCTCTAGAGTA,12606.1.269779.GCTCTAGAGTA.fastq.gz
SUH424,MX_0_5_km_SU_17_Water_2,Mexico,Baja Califonia,Puerto Nuevo,0.5 km site,0,"Intertidal with seagrass (Zostera), close to aquaculture and run-off",2017,Summer,,"Seawater, environmental control",2,Flash Frozen on Site,Wild,,,No,No,Venomic_2,16S_V4,PN_Minor,GCTGATATACA,12606.1.269779.GCTGATATACA.fastq.gz
SUH425,MX_0_5_km_SU_17_Water_3,Mexico,Baja Califonia,Puerto Nuevo,0.5 km site,0,"Intertidal with seagrass (Zostera), close to aquaculture and run-off",2017,Summer,,"Seawater, environmental control",3,Flash Frozen on Site,Wild,,,No,No,Venomic_2,16S_V4,PN_Minor,GGTCCAACTAG,12611.1.270601.GGTCCAACTAG.fastq.gz
SUH426,MX_0_5_km_SU_16_Water_1,Mexico,Baja Califonia,Puerto Nuevo,0.5 km site,0,"Intertidal with seagrass (Zostera), close to aquaculture and run-off",2016,Summer,,"Seawater, environmental control",1,Flash Frozen on Site,Wild,,,No,No,Venomic_2,16S_V4,PN_Minor,GGTTGCACAAT,12611.1.270601.GGTTGCACAAT.fastq.gz
SUH427,MX_0_5_km_SU_16_Water_2,Mexico,Baja Califonia,Puerto Nuevo,0.5 km site,0,"Intertidal with seagrass (Zostera), close to aquaculture and run-off",2016,Summer,,"Seawater, environmental control",2,Flash Frozen on Site,Wild,,,No,No,Venomic_2,16S_V4,PN_Minor,GTAGCAACGTC,12611.1.270601.GTAGCAACGTC.fastq.gz
SUH428,MX_0_5_km_SU_16_Water_3,Mexico,Baja Califonia,Puerto Nuevo,0.5 km site,0,"Intertidal with seagrass (Zostera), close to aquaculture and run-off",2016,Summer,,"Seawater, environmental control",3,Flash Frozen on Site,Wild,,,No,No,Venomic_2,16S_V4,PN_Minor,GTATCCATGCG,12611.1.270601.GTATCCATGCG.fastq.gz
SUH429,MX_0_km_SU_17_Water_1,Mexico,Baja Califonia,Puerto Nuevo,0.0 km site,0,"Intertidal with seagrass (Zostera), close to aquaculture and run-off",2017,Summer,,"Seawater, environmental control",1,Flash Frozen on Site,Wild,,,No,No,Venomic_2,16S_V4,PN_Sheltered,GTCACGACACA,12606.1.269779.GTCACGACACA.fastq.gz
SUH430,MX_0_km_SU_17_Water_2,Mexico,Baja Califonia,Puerto Nuevo,0.0 km site,0,"Intertidal with seagrass (Zostera), close to aquaculture and run-off",2017,Summer,,"Seawater, environmental control",2,Flash Frozen on Site,Wild,,,No,No,Venomic_2,16S_V4,PN_Sheltered,GTCCGCTGAAT,12611.1.270601.GTCCGCTGAAT.fastq.gz
SUH431,MX_0_km_SU_17_Water_3,Mexico,Baja Califonia,Puerto Nuevo,0.0 km site,0,"Intertidal with seagrass (Zostera), close to aquaculture and run-off",2017,Summer,,"Seawater, environmental control",3,Flash Frozen on Site,Wild,,,No,No,Venomic_2,16S_V4,PN_Sheltered,GTCTACACGAG,12606.1.269779.GTCTACACGAG.fastq.gz
SUH432,MX_1_5_km_SU_17_Water_1,Mexico,Baja Califonia,Puerto Nuevo,1.5 km site,0,"Intertidal with seagrass (Zostera), close to aquaculture and run-off",2017,Summer,,"Seawater, environmental control",1,Flash Frozen on Site,Wild,,,No,No,Venomic_2,16S_V4,PN_Major,GTGCACGCGAC,12606.1.269779.GTGCACGCGAC.fastq.gz
SUH433,MX_1_5_km_SU_17_Water_2,Mexico,Baja Califonia,Puerto Nuevo,1.5 km site,0,"Intertidal with seagrass (Zostera), close to aquaculture and run-off",2017,Summer,,"Seawater, environmental control",2,Flash Frozen on Site,Wild,,,No,No,Venomic_2,16S_V4,PN_Major,GTTACCTCAGA,12611.1.270601.GTTACCTCAGA.fastq.gz
SUH434,MX_1_5_km_SU_17_Water_3,Mexico,Baja Califonia,Puerto Nuevo,1.5 km site,0,"Intertidal with seagrass (Zostera), close to aquaculture and run-off",2017,Summer,,"Seawater, environmental control",3,Flash Frozen on Site,Wild,,,No,No,Venomic_2,16S_V4,PN_Major,TACAGATGGCT,12611.1.270601.TACAGATGGCT.fastq.gz
SUH435,MX_0_5_km_WI_16_1_Water_1,Mexico,Baja Califonia,Puerto Nuevo,0.5 km site,0,"Intertidal with seagrass (Zostera), close to aquaculture and run-off",2016,Winter,1,"Seawater, environmental control",1,Flash Frozen on Site,Wild,,,No,No,Venomic_2,16S_V4,PN_Minor,TACATAGTCGC,12606.1.269779.TACATAGTCGC.fastq.gz
SUH436,MX_0_5_km_WI_16_1_Water_2,Mexico,Baja Califonia,Puerto Nuevo,0.5 km site,0,"Intertidal with seagrass (Zostera), close to aquaculture and run-off",2016,Winter,1,"Seawater, environmental control",2,Flash Frozen on Site,Wild,,,No,No,Venomic_2,16S_V4,PN_Minor,TACCGCTAGTA,12611.1.270601.TACCGCTAGTA.fastq.gz
SUH437,MX_0_5_km_WI_16_1_Water_3,Mexico,Baja Califonia,Puerto Nuevo,0.5 km site,0,"Intertidal with seagrass (Zostera), close to aquaculture and run-off",2016,Winter,1,"Seawater, environmental control",3,Flash Frozen on Site,Wild,,,No,No,Venomic_2,16S_V4,PN_Minor,TAGAGCCGTTA,12611.1.270601.TAGAGCCGTTA.fastq.gz
SUH438,MX_0_5_km_WI_16_2_Water_1,Mexico,Baja Califonia,Puerto Nuevo,0.5 km site,0,"Intertidal with seagrass (Zostera), close to aquaculture and run-off",2016,Winter,2,"Seawater, environmental control",1,Flash Frozen on Site,Wild,,,No,No,Venomic_2,16S_V4,PN_Minor,TAGATCATGAC,12606.1.269779.TAGATCATGAC.fastq.gz
SUH439,MX_0_5_km_WI_16_2_Water_2,Mexico,Baja Califonia,Puerto Nuevo,0.5 km site,0,"Intertidal with seagrass (Zostera), close to aquaculture and run-off",2016,Winter,2,"Seawater, environmental control",2,Flash Frozen on Site,Wild,,,No,No,Venomic_2,16S_V4,PN_Minor,TAGCACGAGTG,12606.1.269779.TAGCACGAGTG.fastq.gz
SUH440,MX_0_5_km_WI_16_2_Water_3,Mexico,Baja Califonia,Puerto Nuevo,0.5 km site,0,"Intertidal with seagrass (Zostera), close to aquaculture and run-off",2016,Winter,2,"Seawater, environmental control",3,Flash Frozen on Site,Wild,,,No,No,Venomic_2,16S_V4,PN_Minor,TAGCGTACTCT,12606.1.269779.TAGCGTACTCT.fastq.gz
SUH441,MX_0_5_km_WI_16_3_Water_1,Mexico,Baja Califonia,Puerto Nuevo,0.5 km site,0,"Intertidal with seagrass (Zostera), close to aquaculture and run-off",2016,Winter,3,"Seawater, environmental control",1,Flash Frozen on Site,Wild,,,No,No,Venomic_2,16S_V4,PN_Minor,TAGGCCGACTT,12611.1.270601.TAGGCCGACTT.fastq.gz
SUH442,MX_0_5_km_WI_16_3_Water_2,Mexico,Baja Califonia,Puerto Nuevo,0.5 km site,0,"Intertidal with seagrass (Zostera), close to aquaculture and run-off",2016,Winter,3,"Seawater, environmental control",2,Flash Frozen on Site,Wild,,,No,No,Venomic_2,16S_V4,PN_Minor,TAGTGCACTCA,12606.1.269779.TAGTGCACTCA.fastq.gz
SUH443,MX_0_5_km_WI_16_3_Water_3,Mexico,Baja Califonia,Puerto Nuevo,0.5 km site,0,"Intertidal with seagrass (Zostera), close to aquaculture and run-off",2016,Winter,3,"Seawater, environmental control",3,Flash Frozen on Site,Wild,,,No,No,Venomic_2,16S_V4,PN_Minor,TATCGCACTAG,12606.1.269779.TATCGCACTAG.fastq.gz
SUH453,SD_Sum_17_WT_Shell_1,United States,California,San Diego,Mission Point,2,High tourist beach/marina with seagrass (Zostera),2017,Summer,,Shell,1,Captive Experiments (SIO) taken from Wild environment,Tissue,,,No,No,Venomic_2,16S_V4,SanDiego,TCAGGCGCTTA,12611.1.270601.TCAGGCGCTTA.fastq.gz
SUH454,SD_Sum_17_WT_Shell_2,United States,California,San Diego,Mission Point,2,High tourist beach/marina with seagrass (Zostera),2017,Summer,,Shell,2,Captive Experiments (SIO) taken from Wild environment,Tissue,,,No,No,Venomic_2,16S_V4,SanDiego,TCATGCGCATC,12606.1.269779.TCATGCGCATC.fastq.gz
SUH455,SD_Sum_17_WT_Shell_3,United States,California,San Diego,Mission Point,2,High tourist beach/marina with seagrass (Zostera),2017,Summer,,Shell,3,Captive Experiments (SIO) taken from Wild environment,Tissue,,,No,No,Venomic_2,16S_V4,SanDiego,TCCACAGGAGT,12611.1.270601.TCCACAGGAGT.fastq.gz
SUH456,SD_Sum_17_WT_Shell_4,United States,California,San Diego,Mission Point,2,High tourist beach/marina with seagrass (Zostera),2017,Summer,,Shell,4,Captive Experiments (SIO) taken from Wild environment,Tissue,,,No,No,Venomic_2,16S_V4,SanDiego,TCCTAGCAGTG,12611.1.270601.TCCTAGCAGTG.fastq.gz
SUH459,SD_Sum_17_WT_Gut_2,United States,California,San Diego,Mission Point,2,High tourist beach/marina with seagrass (Zostera),2017,Summer,,Gut,2,Captive Experiments (SIO) taken from Wild environment,Tissue,,,No,No,Venomic_2,16S_V4,SanDiego,TCGCATCTGAC,12606.1.269779.TCGCATCTGAC.fastq.gz
SUH460,SD_Sum_17_WT_Gut_3,United States,California,San Diego,Mission Point,2,High tourist beach/marina with seagrass (Zostera),2017,Summer,,Gut,3,Captive Experiments (SIO) taken from Wild environment,Tissue,,,No,No,Venomic_2,16S_V4,SanDiego,TCGCATGAAGT,12611.1.270601.TCGCATGAAGT.fastq.gz
SUH462,SD_Sum_17_WT_Gut_5,United States,California,San Diego,Mission Point,2,High tourist beach/marina with seagrass (Zostera),2017,Summer,,Gut,5,Captive Experiments (SIO) taken from Wild environment,Tissue,,,No,No,Venomic_2,16S_V4,SanDiego,TCGCGCTACTA,12606.1.269779.TCGCGCTACTA.fastq.gz
SUH463,SD_Sum_17_WT_Radula_Sac_1,United States,California,San Diego,Mission Point,2,High tourist beach/marina with seagrass (Zostera),2017,Summer,,Radula Sac,1,Captive Experiments (SIO) taken from Wild environment,Tissue,,,No,No,Venomic_2,16S_V4,SanDiego,TCGCTGTAACA,12611.1.270601.TCGCTGTAACA.fastq.gz
SUH464,SD_Sum_17_WT_Radula_Sac_2,United States,California,San Diego,Mission Point,2,High tourist beach/marina with seagrass (Zostera),2017,Summer,,Radula Sac,2,Captive Experiments (SIO) taken from Wild environment,Tissue,,,No,No,Venomic_2,16S_V4,SanDiego,TCTAAGGCACG,12611.1.270601.TCTAAGGCACG.fastq.gz
SUH465,SD_Sum_17_WT_Radula_Sac_3,United States,California,San Diego,Mission Point,2,High tourist beach/marina with seagrass (Zostera),2017,Summer,,Radula Sac,3,Captive Experiments (SIO) taken from Wild environment,Tissue,,,No,No,Venomic_2,16S_V4,SanDiego,TCTACGAGATG,12606.1.269779.TCTACGAGATG.fastq.gz
SUH466,SD_Sum_17_WT_Radula_Sac_4,United States,California,San Diego,Mission Point,2,High tourist beach/marina with seagrass (Zostera),2017,Summer,,Radula Sac,4,Captive Experiments (SIO) taken from Wild environment,Tissue,,,No,No,Venomic_2,16S_V4,SanDiego,TCTAGCGATGC,12606.1.269779.TCTAGCGATGC.fastq.gz
SUH467,SD_Sum_17_WT_Radula_Sac_5,United States,California,San Diego,Mission Point,2,High tourist beach/marina with seagrass (Zostera),2017,Summer,,Radula Sac,5,Captive Experiments (SIO) taken from Wild environment,Tissue,,,No,No,Venomic_2,16S_V4,SanDiego,TGAATAGTCCG,12611.1.270601.TGAATAGTCCG.fastq.gz
SUH468,SD_Sum_17_WT_Egg_1,United States,California,San Diego,Mission Point,2,High tourist beach/marina with seagrass (Zostera),2017,Summer,,Eggs (found within the body during dissection),1,Captive Experiments (SIO) taken from Wild environment,Life Stage,,,No,No,Venomic_2,16S_V4,SanDiego,TGACACTGCTG,12606.1.269779.TGACACTGCTG.fastq.gz
SUH469,SD_Sum_17_WT_Egg_2,United States,California,San Diego,Mission Point,2,High tourist beach/marina with seagrass (Zostera),2017,Summer,,Eggs (found within the body during dissection),2,Captive Experiments (SIO) taken from Wild environment,Life Stage,,,No,No,Venomic_2,16S_V4,SanDiego,TGACAGCTGCA,12606.1.269779.TGACAGCTGCA.fastq.gz
SUH470,SD_Sum_17_WT_Egg_Laid_3,United States,California,San Diego,Mission Point,2,High tourist beach/marina with seagrass (Zostera),2017,Summer,,Eggs: Externally laid and sampled,3,Captive Experiments (SIO) taken from Wild environment,Life Stage,,,No,No,Venomic_2,16S_V4,SanDiego,TGCGAACGTAT,12611.1.270601.TGCGAACGTAT.fastq.gz
SUH471,SD_Sum_17_WT_Egg_Laid_4,United States,California,San Diego,Mission Point,2,High tourist beach/marina with seagrass (Zostera),2017,Summer,,Eggs: Externally laid and sampled,4,Captive Experiments (SIO) taken from Wild environment,Life Stage,,,No,No,Venomic_2,16S_V4,SanDiego,TGCGCGAATAC,12611.1.270601.TGCGCGAATAC.fastq.gz
SUH472,SD_Sum_17_WT_Larva_1_6_9_17,United States,California,San Diego,Mission Point,2,High tourist beach/marina with seagrass (Zostera),2017,Summer,,Larva: Collected Jun 9 2017,1,Captive Experiments (SIO) taken from Wild environment,Life Stage,,,No,No,Venomic_2,16S_V4,SanDiego,TGCTACCATGA,12611.1.270601.TGCTACCATGA.fastq.gz
SUH473,LA_Sum_17_WT_Egg_Laid_1_San_Onfore_6_22_17,United States,California,San Onfore,,0,Pristine State Park with seagrass (Zostera),2017,Summer,,Eggs: Externally laid Jun 22 2017,1,Flash Frozen on Site,Life Stage,,,No,No,Venomic_2,16S_V4,LA,TGGCACCGATT,12611.1.270601.TGGCACCGATT.fastq.gz
SUH474,MB_Sum_17_WT_Egg_Laid_1,United States,California,Monterey,Del Monte Beach,10,Sandy beach with seagrass (Zostera),2017,Summer,,Eggs: Externally laid and sampled,1,Flash Frozen on Site,Life Stage,,,No,No,Venomic_2,16S_V4,MB,TGGCTCTACAG,12611.1.270601.TGGCTCTACAG.fastq.gz
SUH475,MB_Sum_17_WT_Egg_Laid_2,United States,California,Monterey,Del Monte Beach,10,Sandy beach with seagrass (Zostera),2017,Summer,,Eggs: Externally laid and sampled,2,Flash Frozen on Site,Life Stage,,,No,No,Venomic_2,16S_V4,MB,TGTAGCTGACA,12606.1.269779.TGTAGCTGACA.fastq.gz
SUH476,MX_0_5_km_SU_16_Sediment_1,Mexico,Baja Califonia,Puerto Nuevo,0.5 km site,0,"Intertidal with seagrass (Zostera), close to aquaculture and run-off",2016,Summer,,"Sediment, environmental control",1,Flash Frozen on Site,Wild,,,No,No,Venomic_2,16S_V4,PN_Minor,TGTCGGCTACA,12611.1.270601.TGTCGGCTACA.fastq.gz
SUH477,MX_0_5_km_SU_16_Sediment_2,Mexico,Baja Califonia,Puerto Nuevo,0.5 km site,0,"Intertidal with seagrass (Zostera), close to aquaculture and run-off",2016,Summer,,"Sediment, environmental control",2,Flash Frozen on Site,Wild,,,No,No,Venomic_2,16S_V4,PN_Minor,TGTGACGAGAC,12606.1.269779.TGTGACGAGAC.fastq.gz
SUH478,MX_0_5_km_SU_16_Sediment_3,Mexico,Baja Califonia,Puerto Nuevo,0.5 km site,0,"Intertidal with seagrass (Zostera), close to aquaculture and run-off",2016,Summer,,"Sediment, environmental control",3,Flash Frozen on Site,Wild,,,No,No,Venomic_2,16S_V4,PN_Minor,TTAACGGCTGA,12611.1.270601.TTAACGGCTGA.fastq.gz
SUH479,High_venom__triplicate_10_b,Mexico,Baja Califonia,Puerto Nuevo,,0,"Intertidal with seagrass (Zostera), close to aquaculture and run-off",2016,Summer,,Venom control: Whole glands pooled and extracted,b,Flash Frozen on Site,Wild,,,No,No,Venomic_2,16S_V4,Control,TTAGCGTCACG,12611.1.270601.TTAGCGTCACG.fastq.gz
SUH480,High_venom__triplicate_10_c,Mexico,Baja Califonia,Puerto Nuevo,,0,"Intertidal with seagrass (Zostera), close to aquaculture and run-off",2016,Summer,,Venom control: Whole glands pooled and extracted,c,Flash Frozen on Site,Wild,,,No,No,Venomic_2,16S_V4,Control,TTCAACAGGTG,12611.1.270601.TTCAACAGGTG.fastq.gz
SUH481,High_water__triplicate_98_b,Mexico,Baja Califonia,Puerto Nuevo,,0,"Intertidal with seagrass (Zostera), close to aquaculture and run-off",2016,Summer,,Seawater environmental control: Multiple seawater samples pooled and extracted,b,Flash Frozen on Site,Wild,,,No,No,Venomic_2,16S_V4,Control,TTGAACCAGCT,12611.1.270601.TTGAACCAGCT.fastq.gz
SUH482,High_water__triplicate_98_c,Mexico,Baja Califonia,Puerto Nuevo,,0,"Intertidal with seagrass (Zostera), close to aquaculture and run-off",2016,Summer,,Seawater environmental control: Multiple seawater samples pooled and extracted,c,Flash Frozen on Site,Wild,,,No,No,Venomic_2,16S_V4,Control,TTGTCGCACAA,12611.1.270601.TTGTCGCACAA.fastq.gz